ID,name,allegiance,out_degree,outgoing_edges
Jaime_Lannister,Jaime Lannister,House_Lannister;Kingsguard,111,Tywin_Lannister;Joanna_Lannister;Cersei_Lannister;Aerys_II_Targaryen;Tytos_Lannister;Tyrion_Lannister;Princess_of_Dorne_(mother_of_Doran);Elia_Martell;Oberyn_Martell;Viserys_Targaryen;Rhaegar_Targaryen;Sumner_Crakehall;Merrett_Frey;Hoster_Tully;Lysa_Arryn;Brynden_Tully;Addam_Marbrand;Damon_Marbrand;Smiling_Knight;Arthur_Dayne;Harlan_Grandison;Gerold_Hightower;Rhaella_Targaryen;Walter_Whent;Brandon_Stark;Rickard_Stark;Jon_Arryn;Eddard_Stark;Robert_I_Baratheon;Qarlton_Chelsted;Jon_Connington;Jonothor_Darry;Varys;Pycelle;Rossart;Elys_Westerling;Aegon_Targaryen_(son_of_Rhaegar);Belis;Garigus;Barristan_Selmy;Cassana_Estermont;Estermont_(cousin_of_Robert);Joffrey_Baratheon;Myrcella_Baratheon;Tommen_Baratheon;Tysha;Jorah_Mormont;Bran_Stark;Robert_Arryn;Catelyn_Stark;Andar_Royce;Bryce_Caron;Sandor_Clegane;Catspaw;Edmure_Tully;Lord_Vance;Clement_Piper;Robb_Stark;Daryn_Hornwood;Eddard_Karstark;Torrhen_Karstark;Stevron_Frey;Lancel_Lannister;Sansa_Stark;Arya_Stark;Cleos_Frey;Vylarr;Poul_Pemford;Myles_(squire);Delp;Rickon_Stark;Zollo;Petyr_Baelish;Robin_Ryger;Husband;Vargo_Hoat;Roose_Bolton;Stannis_Baratheon;Rickard_Karstark;Steelshanks_Walton;Brienne_Tarth;Qyburn;Walder_Frey;Loras_Tyrell;Renly_Baratheon;Osmund_Kettleblack;Kevan_Lannister;Ilyn_Payne;Lewys_Piper;Garrett_Paege;Josmyn_Peckledon;Pia;Bonifer_Hasty;Wylis_Manderly;Ronnet_Connington;Amerei_Frey;Genna_Lannister;Daven_Lannister;Ryman_Frey;Emmon_Frey;Edwyn_Frey;Roslin_Frey;Tom_of_Sevenstreams;Forley_Prester;Vyman;High_Sparrow;Jonos_Bracken;Hildy;Tytos_Blackwood;Hoster_Blackwood;Kennos_of_Kayce
Robert_I_Baratheon,Robert I Baratheon,,102,Steffon_Baratheon;Cassana_Estermont;Stannis_Baratheon;Renly_Baratheon;Tywin_Lannister;Estermont_(cousin_of_Robert);Jon_Arryn;Eddard_Stark;Barristan_Selmy;Aerys_II_Targaryen;Rhaegar_Targaryen;Lyanna_Stark;Rickard_Stark;Mya_Stone;Richard_Lonmouth;Elia_Martell;Brandon_Stark;Marq_Grafton;Lord_Grandison;Lord_Cafferen;Lord_Fell;Silveraxe_Fell;Randyll_Tarly;Mace_Tyrell;Owen_Merryweather;Jon_Connington;Hoster_Tully;Bella;Daemon_I_Blackfyre;Qarlton_Chelsted;Lysa_Arryn;Catelyn_Stark;Rhaelle_Targaryen;Aegon_V_Targaryen;Roose_Bolton;Pycelle;Jaime_Lannister;Rhaenys_Targaryen_(daughter_of_Rhaegar);Aegon_Targaryen_(son_of_Rhaegar);Varys;Ronald_Connington;Rhaella_Targaryen;Viserys_Targaryen;Daenerys_Targaryen;Willem_Darry;Cersei_Lannister;Oberyn_Martell;Doran_Martell;Gerion_Lannister;Ilyn_Payne;Joffrey_Baratheon;Myrcella_Baratheon;Tommen_Baratheon;Balon_Greyjoy;Jacelyn_Bywater;Jorah_Mormont;Theon_Greyjoy;Donal_Noye;Maggy_the_Frog;Mya_Stone's_mother;Gendry;Gendry's_mother;Selyse_Florent;Delena_Florent;Edric_Storm;Petyr_Baelish;Barra;Barra's_mother;Justin_Massey;Richard_Horpe;Lancel_Lannister;Tyrek_Lannister;Robb_Stark;Robert_Arryn;Thoros_of_Myr;Jalabhar_Xho;Loras_Tyrell;Sansa_Stark;Bran_Stark;Catspaw;Drogo;Arya_Stark;Nymeria_(direwolf);Margaery_Tyrell;Sandor_Clegane;Balon_Swann;Yohn_Royce;Raymun_Darry;Marq_Piper;Karyl_Vance;Beric_Dondarrion;Gregor_Clegane;Janos_Slynt;Tyrion_Lannister;Yoren;Quhuru_Mo;Davos_Seaworth;Noho_Dimittis;Arianne_Martell;High_Sparrow;Qyburn;Nestor_Royce
Stannis_Baratheon,Stannis Baratheon,,99,Cassana_Estermont;Steffon_Baratheon;Robert_I_Baratheon;Renly_Baratheon;Aerys_II_Targaryen;Tywin_Lannister;Cressen;Harbert;Rhaegar_Targaryen;Patchface;Eddard_Stark;Rickard_Stark;Brandon_Stark;Jon_Arryn;Donal_Noye;Mace_Tyrell;Paxter_Redwyne;Davos_Seaworth;Rhaella_Targaryen;Willem_Darry;Viserys_Targaryen;Daenerys_Targaryen;Cersei_Lannister;Selyse_Florent;Delena_Florent;Edric_Storm;Shireen_Baratheon;Victarion_Greyjoy;Godric_Borrell;Axell_Florent;Joffrey_Baratheon;Myrcella_Baratheon;Tommen_Baratheon;Varys;Tobho_Mott;Gendry;Robert_Arryn;Lysa_Arryn;Pylos;Pycelle;Tomard;Petyr_Baelish;Sansa_Stark;Robb_Stark;Melisandre;Ardrian_Celtigar;Monford_Velaryon;Duram_Bar_Emmon;Guncer_Sunglass;Salladhor_Saan;Morosh_the_Myrman;Azor_Ahai;Hubard_Rambton;Jaime_Lannister;Catelyn_Stark;Cortnay_Penrose;Catspaw;Bran_Stark;Loras_Tyrell;Randyll_Tarly;Mathis_Rowan;Devan_Seaworth;Elwood_Meadows;Imry_Florent;Tyrion_Lannister;High_Septon_(Tyrion's);Garlan_Tyrell;Richard_Horpe;Justin_Massey;Alester_Florent;Balon_Greyjoy;Andrew_Estermont;Aemon_Targaryen_(son_of_Maekar_I);Cotter_Pyke;Mance_Rayder;Jon_Snow;Jeor_Mormont;Samwell_Tarly;Rolland_Storm;Arianne_Martell;Val;Roose_Bolton;Wyman_Manderly;Janos_Slynt;Rattleshirt;Mors_Umber;Hother_Umber;Ramsay_Snow;Asha_Greyjoy;Rickon_Stark;Arnolf_Karstark;Bryen_Farring;Godry_Farring;Tycho_Nestoris;Alys_Karstark;Theon_Greyjoy;Arya_Stark;Jeyne_Poole;Arthor_Karstark
Cersei_Lannister,Cersei Lannister,House_Lannister;House_Baratheon_of_King's_Landing,98,Joanna_Lannister;Jaime_Lannister;Tywin_Lannister;Aerys_II_Targaryen;Tytos_Lannister;Tyrion_Lannister;Princess_of_Dorne_(mother_of_Doran);Elia_Martell;Oberyn_Martell;Rhaegar_Targaryen;Jaehaerys_I_Targaryen;Alysanne_Targaryen;Genna_Lannister;Melara_Hetherspoon;Jeyne_Farman;Maggy_the_Frog;Saranella;Steffon_Baratheon;Viserys_Targaryen;Lysa_Arryn;Robert_I_Baratheon;Lyanna_Stark;Estermont_(cousin_of_Robert);Joffrey_Baratheon;Myrcella_Baratheon;Tommen_Baratheon;Mya_Stone;Petyr_Baelish;Stannis_Baratheon;Jon_Arryn;Loras_Tyrell;Bran_Stark;Eddard_Stark;Sansa_Stark;Catelyn_Stark;Mycah;Arya_Stark;Nymeria_(direwolf);Barristan_Selmy;Varys;Hugh;Gregor_Clegane;Lancel_Lannister;High_Septon_(fat_one);Janos_Slynt;Ilyn_Payne;Robb_Stark;Renly_Baratheon;Allar_Deem;Barra;Barra's_mother;Gendry;Yoren;Vylarr;Osmund_Kettleblack;Osney_Kettleblack;Osfryd_Kettleblack;Pycelle;Alayaya;Boros_Blount;Mace_Tyrell;Mandon_Moore;Margaery_Tyrell;Balon_Greyjoy;Alannys_Harlaw;Horas_Redwyne;Hobber_Redwyne;Theon_Greyjoy;Quentyn_Martell;Willas_Tyrell;Paxter_Redwyne;Mathis_Rowan;Kevan_Lannister;Shae;High_Septon_(Tyrion's);Qyburn;Aurane_Waters;High_Sparrow;Balon_Swann;Taena_Merryweather;Senelle;Euron_Greyjoy;Falyse_Stokeworth;Balman_Byrch;Bronn;Lollys_Stokeworth;Megga_Tyrell;Elinor_Tyrell;Doran_Martell;Trystane_Martell;Unella;Moelle;Scolera;Arys_Oakheart;Jocelyn_Swyft;Aegon_Targaryen_(son_of_Rhaegar);Lady_Stork;Harys_Swyft
Jaehaerys_I_Targaryen,Jaehaerys I Targaryen,,94,Aenys_I_Targaryen;Alyssa_Velaryon;Aegon_Targaryen_(son_of_Aenys_I);Viserys_Targaryen_(son_of_Aenys_I);Rhaena_Targaryen_(daughter_of_Aenys_I);Alysanne_Targaryen;Vaella_Targaryen_(daughter_of_Aenys_I);Aegon_I_Targaryen;Aethan_Velaryon;Visenya_Targaryen;Maegor_I_Targaryen;Tyanna_of_the_Tower;Aerea_Targaryen;Rogar_Baratheon;Olyver_Bracken;Raymund_Mallery;Maladon_Moore;Harrold_Langward;Gyles_Morrigen;High_Lickspittle;Moon_(septon);Lucinda_Broome;Joffrey_Doggett;Barth;Orryn_Baratheon;Oswyck;Benifer;Mattheus;Merrell_Bullock;Alyn_Bullock;Howard_Bullock;Elyas_Scales;Coryanne_Wylde;Edwell_Celtigar;Rego_Draz;Rhaella_Targaryen;Gyldayn;Aegon_Targaryen_(son_of_Jaehaerys_I);Daenerys_Targaryen_(daughter_of_Jaehaerys_I);Elissa_Farman;Donnel_Hightower;Androw_Farman;Daemon_Velaryon_(son_of_Aethan);Lianna_Velaryon;Myles_Smallwood;Albin_Massey;Aemon_Targaryen_(son_of_Jaehaerys_I);Lucamore_Strong;Alaric_Stark;Walton_Stark_(son_of_Brandon);Qarl_Corbray;Alyssa_Targaryen;Vulture_King_(Jaehaerys_I);Maegelle_Targaryen;Vaegon_Targaryen;Daella_Targaryen_(daughter_of_Jaehaerys_I);Saera_Targaryen;Viserra_Targaryen;Gaemon_Targaryen_(son_of_Jaehaerys_I);Gaemon_Targaryen_(son_of_Aenar);Valerion_Targaryen;Gael_Targaryen;Jocelyn_Baratheon;Rhaenys_Targaryen_(daughter_of_Aemon);Viserys_I_Targaryen;Daemon_Targaryen;Rodrik_Arryn;Morion_Martell;Aemma_Arryn;Aegon_Targaryen_(son_of_Baelon);Braxton_Beesbury;Theomore_Manderly;Corlys_Velaryon;Laena_Velaryon;Laenor_Velaryon;Boremund_Baratheon;Ryam_Redwyne;Clement_Crabb;Alicent_Hightower;Otto_Hightower;Mushroom;Pylos;Davos_Seaworth;Baelor_Targaryen_(son_of_Daeron_II);Jon_Snow;Samwell_Tarly;Cersei_Lannister;Rhaegar_Targaryen;Jaime_Lannister;Tommen_Baratheon;High_Sparrow;Genna_Lannister;Roose_Bolton;Theon_Greyjoy
Jon_Snow,Jon Snow,House_Stark;Night's_Watch,93,Eddard_Stark;Jon_Arryn;Catelyn_Stark;Robb_Stark;Luwin;Rodrik_Cassel;Theon_Greyjoy;Arya_Stark;Mance_Rayder;Lord_Commander_Qorgyle;Daeron_I_Targaryen;Florian_the_Fool;Aemon_Targaryen_(son_of_Viserys_II);Ryam_Redwyne;Sansa_Stark;Bran_Stark;Gared;Robert_I_Baratheon;Benjen_Stark;Tyrion_Lannister;Cersei_Lannister;Yoren;Donal_Noye;Alliser_Thorne;Samwell_Tarly;Rast;Aemon_Targaryen_(son_of_Maekar_I);Jeor_Mormont;Chett;Jafer_Flowers;Othor;Walder_Frey_(son_of_Jammos);Walder_Frey_(son_of_Merrett);Aegon_V_Targaryen;Ygritte;Gilly;Qhorin_Halfhand;Bael_the_Bard;Dalbridge;Ebben;Stonesnake;Rattleshirt;Orell;Styr;Jarl;Edmure_Tully;Roslin_Frey;Rickon_Stark;Galbart_Glover;Jason_Mallister;Maege_Mormont;Walder_Frey;Roose_Bolton;Edric_Dayne;Wylla;Grenn;Mag_Mar_Tun_Doh_Weg;Janos_Slynt;Stannis_Baratheon;Cotter_Pyke;Val;Dalla;Melisandre;Aemon_Steelsong;Monster;Dareon;Pycelle;Qyburn;Osney_Kettleblack;Jaime_Lannister;Brynden_Tully;Godric_Borrell;Davos_Seaworth;Godry_Farring;Clayton_Suggs;Pypar;Halder;Todder;Ramsay_Snow;Jeyne_Poole;Wun_Weg_Wun_Dar_Wun;Satin;Eddison_Tollett;Tycho_Nestoris;Alys_Karstark;Cregan_Karstark;Sigorn;Arnolf_Karstark;Clydas;Torghen_Flint;Brandon_Norrey;Patrek_of_King's_Mountain;Bowen_Marsh
Eddard_Stark,Eddard Stark,House_Stark,87,Rickard_Stark;Lyarra_Stark;Brandon_Stark;Lyanna_Stark;Benjen_Stark;Jon_Arryn;Robert_I_Baratheon;Mya_Stone;Rodrik_Ryswell;Barbrey_Dustin;Rhaegar_Targaryen;Howland_Reed;Ashara_Dayne;Elia_Martell;Aerys_II_Targaryen;Lord_Borrell_(father_of_Godric);Hoster_Tully;Catelyn_Stark;Lysa_Arryn;Jaime_Lannister;Tywin_Lannister;Rhaenys_Targaryen_(daughter_of_Rhaegar);Aegon_Targaryen_(son_of_Rhaegar);Mace_Tyrell;Arthur_Dayne;Oswell_Whent;Gerold_Hightower;Jon_Snow;Robb_Stark;Sansa_Stark;Edric_Dayne;Wylla;Godric_Borrell;Willam_Dustin;Balon_Greyjoy;Theon_Greyjoy;Tommen_Baratheon;Cersei_Lannister;Jorah_Mormont;Lynesse_Hightower;Arya_Stark;Bran_Stark;Rickon_Stark;Helman_Tallhart;Rickard_Karstark;Alys_Karstark;Mance_Rayder;Lord_Commander_Qorgyle;Roose_Bolton;Gared;Joffrey_Baratheon;Daenerys_Targaryen;Drogo;Nymeria;Petyr_Baelish;Catspaw;Tyrion_Lannister;Luwin;Barristan_Selmy;Syrio_Forel;Stannis_Baratheon;Pycelle;Barra;Yoren;Jory_Cassel;Heward;Wyl_(guard);Tregar;Ilyn_Payne;Raymun_Darry;Marq_Piper;Karyl_Vance;Gregor_Clegane;Beric_Dondarrion;Thoros_of_Myr;Renly_Baratheon;Vayon_Poole;Tomard;Janos_Slynt;Meryn_Trant;High_Septon_(fat_one);Hallis_Mollen;Willas_Tyrell;Jeyne_Westerling;Tobho_Mott;Wylla_Manderly;Jeyne_Poole
Tywin_Lannister,Tywin Lannister,House_Lannister,87,Tytos_Lannister;Jeyne_Marbrand;Gerold_Lannister;Genna_Lannister;Emmon_Frey;Walder_Frey;Roger_Reyne;Ellyn_Reyne;Aegon_V_Targaryen;Aerys_II_Targaryen;Steffon_Baratheon;Joanna_Lannister;Rhaella_Targaryen;Jason_Lannister_(son_of_Gerold);Kevan_Lannister;Tygett_Lannister;Tytos_Lannister's_first_mistress;Harys_Swyft;Dorna_Swyft;Walderan_Tarbeck;Stafford_Lannister;Jaehaerys_II_Targaryen;Edgar_Sloane;Barristan_Selmy;Cersei_Lannister;Jaime_Lannister;Tytos_Lannister's_second_mistress;Tyrion_Lannister;Gerion_Lannister;Ilyn_Payne;Rhaegar_Targaryen;Denys_Darklyn;Lysa_Arryn;Hoster_Tully;Harlan_Grandison;Owen_Merryweather;Jon_Connington;Robert_I_Baratheon;Gregor_Clegane;Amory_Lorch;Elia_Martell;Rhaenys_Targaryen_(daughter_of_Rhaegar);Aegon_Targaryen_(son_of_Rhaegar);Alliser_Thorne;Jaremy_Rykker;Tysha;Balon_Greyjoy;Catspaw;Bran_Stark;Catelyn_Stark;Eddard_Stark;Beric_Dondarrion;Joffrey_Baratheon;Karyl_Vance;Marq_Piper;Robb_Stark;Roose_Bolton;Stannis_Baratheon;Renly_Baratheon;Shae;Vargo_Hoat;Tothmure;Wylis_Manderly;Arya_Stark;Jaqen_H'ghar;Edmure_Tully;Mathis_Rowan;Randyll_Tarly;Mace_Tyrell;Brynden_Tully;Zollo;Addam_Marbrand;Tyrek_Lannister;Sansa_Stark;Willas_Tyrell;Jeyne_Westerling;Sybell_Spicer;Oberyn_Martell;Tobho_Mott;Margaery_Tyrell;Petyr_Baelish;Varys;Gyles_Rosby;Alyce_Graceford;Lollys_Stokeworth;Doran_Martell;Myles_Toyne
Tyrion_Lannister,Tyrion Lannister,House_Lannister;Second_Sons,86,Tywin_Lannister;Joanna_Lannister;Aerys_II_Targaryen;Elia_Martell;Oberyn_Martell;Cersei_Lannister;Jaime_Lannister;Gerion_Lannister;Robert_I_Baratheon;Hoster_Tully;Yohn_Royce;Leyton_Hightower;Delena_Florent;Colin_Florent;Hosman_Norcross;Tysha;Lomas_Longstrider;Tygett_Lannister;Jon_Snow;Bran_Stark;Joffrey_Baratheon;Eddard_Stark;Benjen_Stark;Jyck;Morrec;Jeor_Mormont;Robb_Stark;Luwin;Catelyn_Stark;Petyr_Baelish;Catspaw;Lysa_Arryn;Jon_Arryn;Mord;Bronn;Vardis_Egen;Shagga;Masha_Heddle;Podrick_Payne;Shae;Roose_Bolton;Pycelle;Varys;Barristan_Selmy;Janos_Slynt;Jacelyn_Bywater;Myrcella_Baratheon;Tommen_Baratheon;Trystane_Martell;Doran_Martell;Hallyne;Stannis_Baratheon;Lollys_Stokeworth;Cleos_Frey;Sansa_Stark;Arya_Stark;Alliser_Thorne;Othor;Renly_Baratheon;Margaery_Tyrell;Alayaya;Sandor_Clegane;Mandon_Moore;Mace_Tyrell;Ballabar;Frenken;Willas_Tyrell;Symon_Silver_Tongue;Osmund_Kettleblack;Gregor_Clegane;Illyrio_Mopatis;Daenerys_Targaryen;Rolly_Duckfield;Lemore;Haldon;Jon_Connington;Aegon_Targaryen_(son_of_Rhaegar);Qavo_Nogarys;Jorah_Mormont;Widow_of_the_waterfront;Penny;Oppo;Moqorro;Yezzan_zo_Qaggaz;Nurse;Ben_Plumm
Robb_Stark,Robb Stark,,84,Eddard_Stark;Catelyn_Stark;Luwin;Jon_Snow;Mance_Rayder;Lord_Commander_Qorgyle;Tomard;Theon_Greyjoy;Balon_Greyjoy;Rodrik_Cassel;Bran_Stark;Alys_Karstark;Rickard_Karstark;Jory_Cassel;Gared;Robert_I_Baratheon;Joffrey_Baratheon;Myrcella_Baratheon;Catspaw;Tyrion_Lannister;Yoren;Osha;Maege_Mormont;Medger_Cerwyn;Jonelle_Cerwyn;Halys_Hornwood;Roose_Bolton;Robett_Glover;Brynden_Tully;Jaime_Lannister;Tywin_Lannister;Walder_Frey;Olyvar_Frey;Jason_Mallister;Torrhen_Karstark;Eddard_Karstark;Daryn_Hornwood;Renly_Baratheon;Boros_Blount;Sansa_Stark;Wyman_Manderly;Cleos_Frey;Cersei_Lannister;Lysa_Arryn;Stannis_Baratheon;Stafford_Lannister;Edmure_Tully;Rymund_the_Rhymer;Damon_Marbrand;Gawen_Westerling;Helman_Tallhart;Rickon_Stark;Ramsay_Snow;Harrion_Karstark;Arya_Stark;Jeyne_Westerling;Walder_Frey_(son_of_Ryman);Ryman_Frey;Margaery_Tyrell;Hoster_Tully;Tion_Frey;Willem_Lannister;Raynald_Westerling;Rollam_Westerling;Lothar_Frey;Walder_Rivers;Roslin_Frey;Galbart_Glover;Howland_Reed;Aegon_Frey_(son_of_Stevron);Raymund_Frey;Queen_o'_whores;Sybell_Spicer;Lyanna_Mormont;Rhaegar_Frey;Jared_Frey;Symond_Frey;Wendel_Manderly;Tytos_Frey;Garse_Goodbrook;Davos_Seaworth;Tytos_Blackwood;Rodrik_Greyjoy;Maron_Greyjoy
Arya_Stark,Arya Stark,House_Stark;Faceless_Men,80,Eddard_Stark;Catelyn_Stark;Sansa_Stark;Robb_Stark;Bran_Stark;Rickon_Stark;Jon_Snow;Mordane;Luwin;Jeyne_Poole;Nymeria_(direwolf);Nymeria;Mycah;Joffrey_Baratheon;Jory_Cassel;Robert_I_Baratheon;Cersei_Lannister;Sandor_Clegane;Syrio_Forel;Varys;Illyrio_Mopatis;Meryn_Trant;Stableboy_at_King's_Landing;Yoren;Walder_Frey;Elmar_Frey;Amory_Lorch;Gendry;Hot_Pie;Lommy_Greenhands;Weasel;Jaqen_H'ghar;Rorge;Biter;Gregor_Clegane;Tickler;Rafford;Polliver;Dunsen;Chiswyck;Ilyn_Payne;Weese;Tywin_Lannister;Robett_Glover;Aenys_Frey;Vargo_Hoat;Roose_Bolton;Walda_Frey_(daughter_of_Merrett);Harwin;Lymond_Lychester;Lady_of_the_Leaves;Ghost_of_High_Heart;Ravella_Swann;Jaime_Lannister;Beric_Dondarrion;Edmure_Tully;Roslin_Frey;Lysa_Arryn;Brynden_Tully;Ramsay_Snow;Steelshanks_Walton;Ternesio_Terys;Yorko_Terys;Waif;Dareon;Samwell_Tarly;Elder_Brother_(Quiet_Isle);Plague_face;Izembaro;Theon_Greyjoy;Melisandre;Alys_Karstark;Cregan_Karstark;Stannis_Baratheon;Justin_Massey;Harys_Swyft;Tommen_Baratheon;Shae;Tyrion_Lannister;Bobono
Theon_Greyjoy,Theon Greyjoy,House_Greyjoy,75,Theon_Stark;Rodrik_Greyjoy;Maron_Greyjoy;Balon_Greyjoy;Eddard_Stark;Luwin;Rodrik_Cassel;Robb_Stark;Jon_Snow;Catelyn_Stark;Sansa_Stark;Benfred_Tallhart;Kyra;Bessa_(Winterfell);Miller's_wife_from_Acorn_Water;Barth_(brewer);Gared;Robert_I_Baratheon;Catspaw;Hallis_Mollen;Bran_Stark;Stiv;Brynden_Tully;Jaime_Lannister;Aeron_Greyjoy;Jason_Mallister;Patrek_Mallister;Sawane_Botley;Wex_Pyke;Asha_Greyjoy;Esgred;Alannys_Harlaw;Dagmer;Leobald_Tallhart;Todric;Ramsay_Snow;Rickon_Stark;Osha;Hodor;Meera_Reed;Jojen_Reed;Miller's_sons;Farlen;Aggar;Gelmarr;Gynir;Beth_Cassel;Tywin_Lannister;Cersei_Lannister;Walder_Frey_(son_of_Jammos);Walder_Frey_(son_of_Merrett);Lothar_Frey;Aemon_Targaryen_(son_of_Maekar_I);Grenn;Roose_Bolton;Euron_Greyjoy;Rodrik_Harlaw;Tommen_Baratheon;Reek;Arnolf_Karstark;Hother_Umber;Ralf_Kenning;Arya_Stark;Jeyne_Poole;Barbrey_Dustin;Stannis_Baratheon;Holly;Rowan;Mance_Rayder;Hooded_man;Frenya;Mors_Umber;Tycho_Nestoris;Victarion_Greyjoy;Barristan_Selmy
Daenerys_Targaryen,Daenerys Targaryen,,74,Viserys_Targaryen;Aerys_II_Targaryen;Rhaella_Targaryen;Robert_I_Baratheon;Rhaegar_Targaryen;Rhaenys_Targaryen_(daughter_of_Rhaegar);Aegon_Targaryen_(son_of_Rhaegar);Stannis_Baratheon;Willem_Darry;Illyrio_Mopatis;Jorah_Mormont;Drogo;Irri;Jhiqui;Doreah;Aggo;Jhogo;Quaro;Rakharo;Varys;Eddard_Stark;Barristan_Selmy;Rhaego;Ogo;Mirri_Maz_Duur;Haggo;Qotho;Pono;Jhaqo;Xaro_Xhoan_Daxos;Pyat_Pree;Quaithe;Belwas;Aegon_I_Targaryen;Rhaenys_Targaryen;Visenya_Targaryen;Kraznys_mo_Nakloz;Missandei;Grazdan_mo_Eraz;Prendahl_na_Ghezn;Sallor_the_Bald;Daario_Naharis;Mero;Oznak_zo_Pahl;Ben_Plumm;Cleon;Alleras;Leo_Tyrell_(son_of_Moryn);Arianne_Martell;Myrcella_Baratheon;Doran_Martell;Quentyn_Martell;Aurane_Waters;Cersei_Lannister;Qyburn;Euron_Greyjoy;Victarion_Greyjoy;Dareon;Aemon_Targaryen_(son_of_Maekar_I);Samwell_Tarly;Xhondo_Dhoru;Skahaz_mo_Kandaq;Hazzea's_father;Hazzea;Ghael;Galazza_Galare;Hizdahr_zo_Loraq;Jon_Connington;Myles_Toyne;Oberyn_Martell;Tattered_Prince;Meris;Tyrion_Lannister;Moqorro
Aegon_III_Targaryen,Aegon III Targaryen,,70,Daemon_Targaryen;Rhaenyra_Targaryen;Viserys_II_Targaryen;Aegon_I_Targaryen;Alicent_Hightower;Viserys_I_Targaryen;Aegon_II_Targaryen;Jacaerys_Velaryon;Lucerys_Velaryon;Joffrey_Velaryon;Laenor_Velaryon;Baela_Targaryen;Rhaena_Targaryen_(daughter_of_Daemon);Laena_Velaryon;Visenya_Targaryen_(daughter_of_Daemon);Aemond_Targaryen;Ormund_Hightower;Daeron_Targaryen_(son_of_Viserys_I);Corlys_Velaryon;Jaehaera_Targaryen;Alfred_Broome;Larys_Strong;Tyland_Lannister;Kermit_Tully;Oscar_Tully;Benjicot_Blackwood;Cregan_Stark;Gaemon_Palehair;Perkin_the_Flea;Gyles_Belgrave;Leowyn_Corbray;Munkun;Alyn_Velaryon;Corwyn_Corbray;Eustace_(Dance_of_the_Dragons);Robert_Darklyn;Robin_Massey;Orwyle;Thaddeus_Rowan;Unwin_Peake;Marston_Waters;Gareth_Long;Myrielle_Peake;Daenaera_Velaryon;Mushroom;Larra_Rogare;Aegon_IV_Targaryen;Laena_Velaryon_(daughter_of_Alyn);George_Graceford;Moredo_Rogare;Mervyn_Flowers;Amaury_Peake;Bernard;Gyldayn;Torrhen_Manderly;Lotho_Rogare;Roggerio_Rogare;Daeron_I_Targaryen;Baelor_I_Targaryen;Daena_Targaryen;Rhaena_Targaryen_(daughter_of_Aegon_III);Elaena_Targaryen;Daenerys_Targaryen;Viserys_Targaryen;Joffrey_Baratheon;Sansa_Stark;Margaery_Tyrell;Armen;Roone;Mollander
Barristan_Selmy,Barristan Selmy,House_Selmy;House_Baratheon_of_King's_Landing;Kingsguard;House_Targaryen;Queensguard,70,Lyonel_Selmy;Manfred_Swann;Duncan_Targaryen;Aegon_V_Targaryen;Duncan_the_Tall;Gerold_Hightower;Jaehaerys_II_Targaryen;Aerys_II_Targaryen;Tywin_Lannister;Symon_Hollard;Gwayne_Gaunt;Dontos_Hollard;Jeyne_Swann;Simon_Toyne;Rhaegar_Targaryen;Ashara_Dayne;Lyanna_Stark;Jon_Connington;Jonothor_Darry;Robert_I_Baratheon;Eddard_Stark;Roose_Bolton;Rhaenys_Targaryen_(daughter_of_Rhaegar);Aegon_Targaryen_(son_of_Rhaegar);Viserys_Targaryen;Jaime_Lannister;Jeor_Mormont;Sandor_Clegane;Renly_Baratheon;Ilyn_Payne;Hugh;Gregor_Clegane;Daenerys_Targaryen;Joffrey_Baratheon;Varys;Cersei_Lannister;Janos_Slynt;Stannis_Baratheon;Robb_Stark;Tyrion_Lannister;Serwyn_of_the_Mirror_Shield;Catelyn_Stark;Illyrio_Mopatis;Belwas;Groleo;Jorah_Mormont;Kraznys_mo_Nakloz;Oznak_zo_Pahl;Mero;Drogo;Rhaella_Targaryen;Daario_Naharis;Xaro_Xhoan_Daxos;Grazhar_zo_Galare;Tumco_Lho;Larraq;Red_Lamb;Skahaz_mo_Kandaq;Hizdahr_zo_Loraq;Quentyn_Martell;Grey_Worm;Bloodbeard;Yurkhaz_zo_Yunzak;Jhogo;Hero;Khrazz;Galazza_Galare;Gerris_Drinkwater;Archibald_Yronwood;Tattered_Prince
Aerys_II_Targaryen,Aerys II Targaryen,,69,Rhaella_Targaryen;Jaehaerys_II_Targaryen;Aegon_V_Targaryen;Shaera_Targaryen;Ghost_of_High_Heart;Barristan_Selmy;Tywin_Lannister;Steffon_Baratheon;Rhaegar_Targaryen;Duncan_Targaryen;Joanna_Lannister;Rickard_Stark;Shaena_Targaryen;Daeron_Targaryen_(son_of_Aerys_II);Aegon_Targaryen_(son_of_Aerys_II);Tygett_Lannister;Willem_Darry;Ilyn_Payne;Cersei_Lannister;Jaime_Lannister;Tyrion_Lannister;Jaehaerys_Targaryen_(son_of_Aerys_II);Viserys_Targaryen;Denys_Darklyn;Pycelle;Gwayne_Gaunt;Serala;Dontos_Hollard;Robert_I_Baratheon;Stannis_Baratheon;Varys;Elia_Martell;Rhaenys_Targaryen_(daughter_of_Rhaegar);Rossart;Arthur_Dayne;Harlan_Grandison;Lysa_Arryn;Hoster_Tully;Owen_Merryweather;Qarlton_Chelsted;Lucerys_Velaryon_(master_of_ships);Symond_Staunton;Jon_Connington;Myles_Mooton;Richard_Lonmouth;Lewyn_Martell;Walter_Whent;Oswell_Whent;Lyanna_Stark;Aegon_Targaryen_(son_of_Rhaegar);Brandon_Stark;Jeffory_Mallister;Kyle_Royce;Elbert_Arryn;Ethan_Glover;Jon_Arryn;Eddard_Stark;Daenerys_Targaryen;Aerion_Targaryen;Amory_Lorch;Gregor_Clegane;Belis;Garigus;Drogo;Rhaego;Davos_Seaworth;Joffrey_Baratheon;Illyrio_Mopatis;Godric_Borrell
Catelyn_Stark,Catelyn Stark,House_Tully;House_Stark;Brotherhood_without_banners,67,Hoster_Tully;Minisa_Whent;Edmure_Tully;Lysa_Arryn;Petyr_Baelish;Brynden_Tully;Jenny_of_Oldstones;Duncan_Targaryen;Brandon_Stark;Lyanna_Stark;Rhaegar_Targaryen;Aerys_II_Targaryen;Rickard_Stark;Eddard_Stark;Arya_Stark;Sansa_Stark;Jon_Arryn;Robb_Stark;Luwin;Jon_Snow;Ashara_Dayne;Bran_Stark;Rickon_Stark;Lynesse_Hightower;Robert_Arryn;Stannis_Baratheon;Robert_I_Baratheon;Catspaw;Rodrik_Cassel;Tyrion_Lannister;Bronn;Tywin_Lannister;Gregor_Clegane;Roose_Bolton;Walder_Frey;Elmar_Frey;Jaime_Lannister;Hallis_Mollen;Joffrey_Baratheon;Theon_Greyjoy;Balon_Greyjoy;Renly_Baratheon;Cleos_Frey;Desmond_Grell;Rickard_Karstark;Eddard_Karstark;Torrhen_Karstark;Jeyne_Westerling;Rolph_Spicer;Willem_Lannister;Tion_Frey;Roslin_Frey;Jason_Mallister;Ryman_Frey;Aegon_Frey_(son_of_Stevron);Raymund_Frey;Nymeria_(direwolf);Beric_Dondarrion;Petyr_Frey;Merrett_Frey;Walder_Frey_(son_of_Ryman);Queen_o'_whores;Brienne_Tarth;Hyle_Hunt;Podrick_Payne;Harwin;Barbrey_Dustin
Maegor_I_Targaryen,Maegor I Targaryen,,66,Visenya_Targaryen;Aenys_I_Targaryen;Gawen_Corbray;Alyssa_Velaryon;Rhaena_Targaryen_(daughter_of_Aenys_I);High_Septon_(Aegon_I);Ceryse_Hightower;Aethan_Velaryon;Osmund_Strong;Sargoso_Saan;Giant_of_the_Trident;Jonos_Arryn;Ronnel_Arryn_(king);Alyn_Stokeworth;Harren_the_Red;Alys_Harroway;Martyn_Hightower;High_Septon_(Aenys_I);Murmison;Aegon_Targaryen_(son_of_Aenys_I);Aegon_I_Targaryen;Gawen;Damon_Morrigen;Dick_Bean;Bernarr_Brune;Bramm_of_Blackhull;Rayford_Rosby;Guy_Lothston;Lucifer_Massey;Tyanna_of_the_Tower;Myros;Lucas_Harroway;Jaehaerys_I_Targaryen;Alysanne_Targaryen;Viserys_Targaryen_(son_of_Aenys_I);Jeyne_Harroway;Hanna_Harroway;Desmond;Walton_Towers;Jordan_Towers;Maegor_Towers;Owen_Bush;Jeyne_Poore;Alton_Butterwell;Elinor_Costayne;Jeyne_Westerling;Benifer;Clarisse_Dayne;Jeyne_Westerling_(wife_of_Maegor_I);Aerea_Targaryen;Rhaella_Targaryen_(daughter_of_Aegon);Rogar_Baratheon;Edwell_Celtigar;Olyver_Bracken;Raymund_Mallery;Daemon_Velaryon_(son_of_Aethan);Moon_(septon);Joffrey_Doggett;Silver_Denys;Otto_Hightower;Daemon_Targaryen;Alicent_Hightower;Rhaenyra_Targaryen;Aerion_Targaryen;Daenora_Targaryen;Maegor_Targaryen_(son_of_Aerion)
Petyr_Baelish,Petyr Baelish,House_Baelish,64,Baelish_(sellsword);Baelish_(hedge_knight);Baelish_(lord);Alayne_Baelish;Hoster_Tully;Catelyn_Stark;Lysa_Arryn;Edmure_Tully;Brynden_Tully;Jenny_of_Oldstones;Eddard_Stark;Jon_Arryn;Tyrion_Lannister;Robert_I_Baratheon;Jaime_Lannister;Loras_Tyrell;Oswell_Kettleblack;Robert_Arryn;Stannis_Baratheon;Cersei_Lannister;Bran_Stark;Varys;Catspaw;Sansa_Stark;Renly_Baratheon;Sandor_Clegane;Daenerys_Targaryen;Barra's_mother;Barra;Joffrey_Baratheon;Vayon_Poole;Jeyne_Poole;Barristan_Selmy;Tywin_Lannister;Shireen_Baratheon;Patchface;Mace_Tyrell;Margaery_Tyrell;Garlan_Tyrell;Roose_Bolton;Robb_Stark;Dontos_Hollard;Osney_Kettleblack;Osfryd_Kettleblack;Osmund_Kettleblack;Vylarr;Willas_Tyrell;Kevan_Lannister;Lothor_Brune;Penny;Marillion;Nestor_Royce;Lyn_Corbray;Lyonel_Corbray;Lady_Corbray;Byron_the_Beautiful;Harrold_Hardyng;Emmon_Frey;Tommen_Baratheon;Arya_Stark;Ramsay_Snow;Theon_Greyjoy;Benedar_Belmore;Gerold_Grafton
Alysanne_Targaryen,Alysanne Targaryen,House_Targaryen,64,Aenys_I_Targaryen;Alyssa_Velaryon;Rhaena_Targaryen_(daughter_of_Aenys_I);Aegon_Targaryen_(son_of_Aenys_I);Viserys_Targaryen_(son_of_Aenys_I);Jaehaerys_I_Targaryen;Vaella_Targaryen_(daughter_of_Aenys_I);Aegon_I_Targaryen;Visenya_Targaryen;Maegor_I_Targaryen;Tyanna_of_the_Tower;Rogar_Baratheon;Mattheus;Orryn_Baratheon;Daemon_Velaryon_(son_of_Aethan);Oswyck;Aegon_Targaryen_(son_of_Jaehaerys_I);Jonquil_Darke;Aemon_Targaryen_(son_of_Jaehaerys_I);High_Lickspittle;Joffrey_Doggett;Jocelyn_Baratheon;Androw_Farman;Aerea_Targaryen;Barth;Benifer;Albin_Massey;Daenerys_Targaryen_(daughter_of_Jaehaerys_I);Rego_Draz;Alaric_Stark;Theomore_Manderly;Alarra_Stark;Gyldayn;Bran_Stark;Jon_Snow;Yandel;Ellard_Stark;Ryam_Redwyne;Alyssa_Targaryen;Maegelle_Targaryen;Vaegon_Targaryen;Daella_Targaryen_(daughter_of_Jaehaerys_I);Saera_Targaryen;Viserra_Targaryen;Gaemon_Targaryen_(son_of_Jaehaerys_I);Valerion_Targaryen;Gael_Targaryen;Rhaenys_Targaryen_(daughter_of_Aemon);Viserys_I_Targaryen;Daemon_Targaryen;Aegon_Targaryen_(son_of_Baelon);Rodrik_Arryn;Aemma_Arryn;Stannis_Baratheon;Roose_Bolton;Jojen_Reed;Meera_Reed;Luwin;Ygritte;Samwell_Tarly;Cersei_Lannister;Rhaegar_Targaryen;Jaime_Lannister;Theon_Greyjoy
Kevan_Lannister,Kevan Lannister,House_Lannister,63,Tywin_Lannister;Tygett_Lannister;Gerion_Lannister;Tytos_Lannister;Roger_Reyne;Harys_Swyft;Dorna_Swyft;Walderan_Tarbeck;Stafford_Lannister;Reynard_Reyne;Lancel_Lannister;Martyn_Lannister;Willem_Lannister;Janei_Lannister;Oberyn_Martell;Elia_Martell;Joanna_Lannister;Tyrion_Lannister;Jaime_Lannister;Thoros_of_Myr;Robert_I_Baratheon;Roose_Bolton;Robb_Stark;Gregor_Clegane;Amory_Lorch;Vargo_Hoat;Cedric_Payne;Lorimer_the_Belly;Podrick_Payne;Cersei_Lannister;Edmure_Tully;Stannis_Baratheon;Joffrey_Baratheon;Sansa_Stark;Catelyn_Stark;Rickard_Karstark;Tion_Frey;Torrhen_Karstark;Eddard_Karstark;Robett_Glover;Margaery_Tyrell;Petyr_Baelish;Tommen_Baratheon;Varys;High_Septon_(Tyrion's);Mathis_Rowan;Randyll_Tarly;Daven_Lannister;Damion_Lannister;Amerei_Frey;Genna_Lannister;Pycelle;Davos_Seaworth;Godric_Borrell;Mace_Tyrell;Paxter_Redwyne;Osmund_Kettleblack;Osfryd_Kettleblack;High_Sparrow;Tytos_Lannister's_second_mistress;Jocelyn_Swyft;Jon_Connington;Qyburn
Baelor_I_Targaryen,Baelor I Targaryen,,61,Aegon_III_Targaryen;Daenaera_Velaryon;Daeron_I_Targaryen;Daena_Targaryen;Rhaena_Targaryen_(daughter_of_Aegon_III);Elaena_Targaryen;Viserys_II_Targaryen;Aegon_IV_Targaryen;Aemon_Targaryen_(son_of_Viserys_II);Naerys_Targaryen;Lord_Wyl_(conquest_of_Dorne);Prince_of_Dorne_(father_of_Maron);Daeron_II_Targaryen;Myriah_Martell;High_Septon_(Baelor_I);Walgrave;Lord_Belgrave;Mushroom;Barth;High_Septon_(stonemason);High_Septon_(child);Daemon_I_Blackfyre;Munkun;Maia_Stokeworth;Rhaenyra_Targaryen;Eustace_Osgrey;Maron_Martell;Baelor_Targaryen_(son_of_Daeron_II);Kaeth;Rhaegar_Targaryen;Aerys_II_Targaryen;Eddard_Stark;High_Septon_(fat_one);Joffrey_Baratheon;Arya_Stark;Sansa_Stark;Margaery_Tyrell;Axell_Florent;Stannis_Baratheon;Davos_Seaworth;Sandor_Clegane;Beric_Dondarrion;Thoros_of_Myr;Selyse_Florent;Melisandre;Tyrion_Lannister;Oberyn_Martell;Ellaria_Sand;Arys_Oakheart;Tommen_Baratheon;Pycelle;Jaime_Lannister;Bonifer_Hasty;Cersei_Lannister;Taena_Merryweather;High_Sparrow;Lancel_Lannister;Amerei_Frey;Viserys_Targaryen;Daenerys_Targaryen;Barristan_Selmy
Ramsay_Snow,Ramsay Snow,House_Bolton;House_Greyjoy;House_Bolton_of_Winterfell,60,Roose_Bolton;Miller's_wife;Rickard_Stark;Reek;Domeric_Bolton;Uthor;Barbrey_Dustin;Rodrik_Cassel;Sour_Alyn;Luton;Skinner;Donella_Hornwood;Halys_Hornwood;Daryn_Hornwood;Wyman_Manderly;Jojen_Reed;Bran_Stark;Rickon_Stark;Edmure_Tully;Robb_Stark;Theon_Greyjoy;Balon_Greyjoy;Miller's_sons;Gelmarr;Aggar;Gynir;Farlen;Dagmer;Leobald_Tallhart;Cley_Cerwyn;Kyra;Walder_Frey_(son_of_Jammos);Walder_Frey_(son_of_Merrett);The_Liddle;Lothar_Frey;Walder_Rivers;Roslin_Frey;Walder_Frey;Tywin_Lannister;Arya_Stark;Jaime_Lannister;Tommen_Baratheon;Arnolf_Karstark;Hother_Umber;Stannis_Baratheon;Jeyne_Poole;Asha_Greyjoy;Rhaegar_Frey;Symond_Frey;Jared_Frey;Walda_Frey_(daughter_of_Merrett);Alysane_Mormont;Yellow_Dick;Mance_Rayder;Jon_Snow;Selyse_Florent;Shireen_Baratheon;Melisandre;Val;Gilly
Jon_Arryn,Jon Arryn,House_Arryn,60,Jasper_Arryn;Ronnel_Arryn_(son_of_Jasper);Alys_Arryn;Elys_Waynwood;Denys_Arryn;Jeyne_Royce;Rowena_Arryn;Elbert_Arryn;Jaehaerys_II_Targaryen;Rickard_Stark;Steffon_Baratheon;Eddard_Stark;Robert_I_Baratheon;Walder_Frey;Aerys_II_Targaryen;Lyn_Corbray;Jon_Connington;Hoster_Tully;Catelyn_Stark;Lysa_Arryn;Rhaegar_Targaryen;Elia_Martell;Rhaenys_Targaryen_(daughter_of_Rhaegar);Aegon_Targaryen_(son_of_Rhaegar);Lewyn_Martell;Oberyn_Martell;Viserys_Targaryen;Doran_Martell;Gregor_Clegane;Amory_Lorch;Cersei_Lannister;Jaime_Lannister;Daenerys_Targaryen;Nestor_Royce;Janos_Slynt;Manly_Stokeworth;Robert_Arryn;Petyr_Baelish;Hugh;Mandon_Moore;Malleon;Colemon;Tywin_Lannister;Stannis_Baratheon;Varys;Jory_Cassel;Tobho_Mott;Gendry;Barra;Pycelle;Joffrey_Baratheon;Myrcella_Baratheon;Tommen_Baratheon;Tyrion_Lannister;Bran_Stark;Vardis_Egen;Bronn;Renly_Baratheon;Sansa_Stark;Marillion
Sandor_Clegane,Sandor Clegane,House_Clegane;House_Lannister;Kingsguard,59,Gregor_Clegane;Clegane_(father_of_Gregor_and_Sandor);Rhaegar_Targaryen;Tywin_Lannister;Cersei_Lannister;Joffrey_Baratheon;Tommen_Baratheon;Barristan_Selmy;Robert_I_Baratheon;Bran_Stark;Sansa_Stark;Nymeria_(direwolf);Arya_Stark;Jaime_Lannister;Jory_Cassel;Mycah;Renly_Baratheon;Petyr_Baelish;Loras_Tyrell;Eddard_Stark;Janos_Slynt;Cayn;Jeyne_Poole;Meryn_Trant;Dontos_Hollard;Boros_Blount;Tanton_Fossoway;Robb_Stark;Stafford_Lannister;Tyrion_Lannister;Bronn;Timett;Stannis_Baratheon;Mandon_Moore;Beric_Dondarrion;Mad_Huntsman;Edmure_Tully;Roslin_Frey;Bent-backed_man;Tytos_Frey;Garse_Goodbrook;Lysa_Arryn;Brynden_Tully;Pimply_squire;Polliver;Tickler;Bonifer_Hasty;Kevan_Lannister;Randyll_Tarly;Lyle_Crakehall;Mariya_Darry;Amerei_Frey;Timeon;Meribald;Elder_Brother_(Quiet_Isle);Rorge;Biter;Lem;Thoros_of_Myr
Edmure_Tully,Edmure Tully,House_Tully,58,Hoster_Tully;Marq_Piper;Petyr_Baelish;Lord_Blackwood_(Aerys_II);Lord_Bracken_(Aerys_II);Brandon_Stark;Catelyn_Stark;Walder_Frey;Arianne_Martell;Doran_Martell;Jaime_Lannister;Clement_Piper;Gregor_Clegane;Robert_I_Baratheon;Eddard_Stark;Beric_Dondarrion;Joffrey_Baratheon;Tywin_Lannister;Kevan_Lannister;Robb_Stark;Tytos_Blackwood;Roose_Bolton;Helman_Tallhart;Jonos_Bracken;Tyrion_Lannister;Cleos_Frey;Long_Lew;Sansa_Stark;Arya_Stark;Desmond_Grell;Rymund_the_Rhymer;Brynden_Tully;Rickard_Karstark;Willem_Lannister;Tion_Frey;Lothar_Frey;Walder_Rivers;Jeyne_Westerling;Roslin_Frey;Vargo_Hoat;Jon_Snow;Patrek_Mallister;Walder_Frey_(son_of_Ryman);Jason_Mallister;Tommen_Baratheon;Emmon_Frey;Lysa_Arryn;Ryman_Frey;Cersei_Lannister;Perwyn_Frey;Daven_Lannister;Genna_Lannister;Tywin_Frey;Ilyn_Payne;Lewys_Piper;Pia;Tom_of_Sevenstreams;Forley_Prester
Davos_Seaworth,Davos Seaworth,House_Seaworth;House_Baratheon_of_Dragonstone,57,Roro_Uhoris;Marya_Seaworth;Dale_Seaworth;Allard_Seaworth;Matthos_Seaworth;Maric_Seaworth;Devan_Seaworth;Stannis_Seaworth;Steffon_Seaworth;Stannis_Baratheon;Eddard_Stark;Robert_I_Baratheon;Salladhor_Saan;Gulian_Swann;Selwyn_Tarth;Cressen;Melisandre;Cersei_Lannister;Joffrey_Baratheon;Edric_Storm;Cortnay_Penrose;Renly_Baratheon;Imry_Florent;Patchface;Shireen_Baratheon;Khorane_Sathmantes;Axell_Florent;Azor_Ahai;Alester_Florent;Ardrian_Celtigar;Balon_Greyjoy;Robb_Stark;Selyse_Florent;Pylos;Aemon_Targaryen_(son_of_Maekar_I);Mance_Rayder;Jeor_Mormont;Andrew_Estermont;Wyman_Manderly;Wylis_Manderly;Jaime_Lannister;Cotter_Pyke;Jon_Snow;Godric_Borrell;Lysa_Arryn;Tywin_Lannister;Triston_Sunderland;Walder_Frey;Robett_Glover;Jared_Frey;Wendel_Manderly;Marlon_Manderly;Wylla_Manderly;Bartimus;Wex_Pyke;Bran_Stark;Rickon_Stark
Alyn_Velaryon,Alyn Velaryon,House_Velaryon;House_Targaryen;Blacks,56,Gyldayn;Addam_Velaryon;Laenor_Velaryon;Mushroom;Corlys_Velaryon;Rhaenys_Targaryen_(daughter_of_Aemon);Jacaerys_Velaryon;Rhaenyra_Targaryen;Aegon_II_Targaryen;Alicent_Hightower;Cregan_Stark;Alysanne_Blackwood;Eustace_(Dance_of_the_Dragons);Aegon_III_Targaryen;Jaehaera_Targaryen;Baela_Targaryen;Marilda_of_Hull;Daemion_Velaryon;Daeron_Velaryon;Malentine_Velaryon;Rhogar_Velaryon;Tyland_Lannister;Unwin_Peake;High_Septon_(Regency_of_Aegon_III);Gedmund_Peake;Ned_Bean;Marston_Waters;Dalton_Greyjoy;Racallio_Ryndoon;Aliandra_Martell;Lyonel_Hightower;Samantha_Tarly;Viserys_II_Targaryen;Tess;Johanna_Lannister;Leo_Costayne;Drazenko_Rogare;Lysandro_Rogare;Laena_Velaryon_(daughter_of_Alyn);Thaddeus_Rowan;Jeyne_Arryn;Joffrey_Arryn;Arnold_Arryn;Isembard_Arryn;Corwyn_Corbray;Robert_Rowan;Moredo_Rogare;Benjicot_Blackwood;Daeron_I_Targaryen;Baelor_I_Targaryen;Elaena_Targaryen;Jon_Waters;Jeyne_Waters;Russell_Stillman;Rue;Bendamure
Brienne_Tarth,Brienne Tarth,House_Tarth;House_Baratheon;Storm's_End;Rainbow_Guard;House_Stark;House_Tully;Brotherhood_without_banners,56,Selwyn_Tarth;Galladon_Tarth;Roelle;Goodwin;Cortnay_Penrose;Bryen_Caron;Ronnet_Connington;Humfrey_Wagstaff;Renly_Baratheon;Margaery_Tyrell;Randyll_Tarly;Loras_Tyrell;Barristan_Selmy;Catelyn_Stark;Robb_Stark;Stannis_Baratheon;Emmon_Cuy;Robar_Royce;Guyard_Morrigen;Wendel_Manderly;Jaime_Lannister;Bran_Stark;Rickon_Stark;Tyrion_Lannister;Sansa_Stark;Arya_Stark;Cleos_Frey;Robin_Ryger;Husband;Zollo;Rorge;Shagwell;Aerys_II_Targaryen;Qyburn;Roose_Bolton;Vargo_Hoat;Steelshanks_Walton;Bertram_Beesbury;Tywin_Lannister;Eddard_Stark;Tommen_Baratheon;Podrick_Payne;Cersei_Lannister;Petyr_Baelish;Creighton_Longbough;Duncan_the_Tall;Hyle_Hunt;Dick_Crabb;Dontos_Hollard;Pyg;Timeon;Sandor_Clegane;Meribald;Elder_Brother_(Quiet_Isle);Biter;Gendry
Arianne_Martell,Arianne Martell,House_Martell,56,Tyene_Sand;Doran_Martell;Mellario;Quentyn_Martell;Trystane_Martell;Andrey_Dalt;Garin_(orphan);Sylva_Santagar;Jeyne_Fowler;Jennelyn_Fowler;Frynne;Nymeria_Sand;Archon's_green-haired_daughter;Sarella_Sand;Rhaenys_Targaryen_(daughter_of_Rhaegar);Lewyn_Martell;Oberyn_Martell;Daemon_Sand;Viserys_Targaryen;Ben_Beesbury;Walder_Frey;Gyles_Rosby;Eldon_Estermont;Hugh_Grandison;Hoster_Tully;Edmure_Tully;Willas_Tyrell;Renly_Baratheon;Deziel_Dalt;Gerold_Dayne;Daenerys_Targaryen;Drogo;Tyrion_Lannister;Myrcella_Baratheon;Arys_Oakheart;Tywin_Lannister;Obara_Sand;Anders_Yronwood;Elia_Martell;Tommen_Baratheon;Rosamund_Lannister;Ellaria_Sand;Harmen_Uller;Areo_Hotah;Ricasso;Manfrey_Martell;Franklyn_Fowler;Cedra;Balon_Swann;Hizdahr_zo_Loraq;Jon_Connington;Joss_Hood;Garibald_Shells;Nate;Jayne_Ladybright;Elia_Sand
Margaery_Tyrell,Margaery Tyrell,House_Tyrell;House_Baratheon;House_Baratheon_of_King's_Landing,55,Mace_Tyrell;Alerie_Hightower;Willas_Tyrell;Garlan_Tyrell;Loras_Tyrell;Renly_Baratheon;Eddard_Stark;Lyanna_Stark;Cersei_Lannister;Robert_I_Baratheon;Varys;Illyrio_Mopatis;Joffrey_Baratheon;Catelyn_Stark;Stannis_Baratheon;Petyr_Baelish;Alla_Tyrell;Elinor_Tyrell;Megga_Tyrell;Alysanne_Bulwer;Alyce_Graceford;Taena_Merryweather;Meredyth_Crane;Nysterica;Sansa_Stark;Tyrion_Lannister;High_Septon_(Tyrion's);Hamish_the_Harper;Dontos_Hollard;Tommen_Baratheon;Tywin_Lannister;Jaime_Lannister;Myrcella_Baratheon;Senelle;Horas_Redwyne;Hobber_Redwyne;Osney_Kettleblack;Osmund_Kettleblack;Lambert_Turnberry;Bayard_Norcross;Courtenay_Greenhill;Portifer_Woodwright;Lucantine_Woodwright;Pycelle;Blue_Bard;Qyburn;High_Sparrow;Moelle;Jalabhar_Xho;Hugh_Clifton;Mark_Mullendore;Meryn_Trant;Boros_Blount;Randyll_Tarly;Kevan_Lannister
Corlys_Velaryon,Corlys Velaryon,House_Velaryon;Blacks;Greens,54,Corwyn_Velaryon;Daemon_Velaryon_(son_of_Aethan);Corlys_Velaryon_(son_of_Daemon);Aegon_I_Targaryen;Elissa_Farman;Mathis;Rhaenys_Targaryen_(daughter_of_Aemon);Aemon_Targaryen_(son_of_Jaehaerys_I);Jaehaerys_I_Targaryen;Laena_Velaryon;Laenor_Velaryon;Viserys_I_Targaryen;Aemma_Arryn;Runciter;Alicent_Hightower;Daemon_Targaryen;Rhaenyra_Targaryen;Jacaerys_Velaryon;Lucerys_Velaryon;Joffrey_Velaryon;Baela_Targaryen;Rhaena_Targaryen_(daughter_of_Daemon);Qarl_Correy;Lyonel_Strong;Harwin_Strong;Mushroom;Vaemond_Velaryon;Aegon_II_Targaryen;Bartimos_Celtigar;Aemond_Targaryen;Addam_Velaryon;Marilda_of_Hull;Alyn_Velaryon;Ormund_Hightower;Daeron_Targaryen_(son_of_Viserys_I);Borros_Baratheon;Helaena_Targaryen;Jaehaera_Targaryen;Aegon_III_Targaryen;Ulf_White;Hugh_Hammer;Nettles;Luthor_Largent;Denys_Woodwright;Thoron_True;Mysaria;Gyldayn;Perkin_the_Flea;Trystane_Truefyre;Yandel;Larys_Strong;Tyland_Lannister;Cregan_Stark;Alysanne_Blackwood
Joffrey_Baratheon,Joffrey Baratheon,,54,Robert_I_Baratheon;Cersei_Lannister;Tommen_Baratheon;Sandor_Clegane;Walder_Frey;Jon_Arryn;Stannis_Baratheon;Davos_Seaworth;Tywin_Lannister;Eddard_Stark;Sansa_Stark;Robb_Stark;Bran_Stark;Tyrion_Lannister;Catspaw;Arya_Stark;Mycah;Nymeria_(direwolf);Renly_Baratheon;Jaime_Lannister;Janos_Slynt;Barristan_Selmy;Ilyn_Payne;Meryn_Trant;Mordane;Myrcella_Baratheon;Edric_Storm;Arys_Oakheart;Dontos_Hollard;Boros_Blount;Osmund_Kettleblack;Mace_Tyrell;Margaery_Tyrell;Melisandre;Balon_Greyjoy;Willas_Tyrell;Jalabhar_Xho;Tanda_Stokeworth;Kevan_Lannister;Oberyn_Martell;Addam_Marbrand;Mathis_Rowan;Paxter_Redwyne;Alerie_Hightower;Petyr_Baelish;Lothor_Brune;Pycelle;Elia_Martell;Gregor_Clegane;Varys;Tysha;Aerys_II_Targaryen;Arianne_Martell;Jon_Connington
Doran_Martell,Doran Martell,House_Martell,53,Princess_of_Dorne_(mother_of_Doran);Mors_Martell_(brother_of_Doran);Olyvar_Martell;Elia_Martell;Oberyn_Martell;Mellario;Areo_Hotah;Arianne_Martell;Edgar_Yronwood;Rhaegar_Targaryen;Aerys_II_Targaryen;Rhaenys_Targaryen_(daughter_of_Rhaegar);Aegon_Targaryen_(son_of_Rhaegar);Lyanna_Stark;Lewyn_Martell;Rhaella_Targaryen;Viserys_Targaryen;Gregor_Clegane;Amory_Lorch;Robert_I_Baratheon;Jon_Arryn;Tywin_Lannister;Willem_Darry;Daenerys_Targaryen;Quentyn_Martell;Ormond_Yronwood;Trystane_Martell;Walder_Frey;Ben_Beesbury;Gyles_Rosby;Edmure_Tully;Willas_Tyrell;Joffrey_Baratheon;Varys;Eddard_Stark;Renly_Baratheon;Tyrion_Lannister;Myrcella_Baratheon;Stannis_Baratheon;Margaery_Tyrell;Obara_Sand;Nymeria_Sand;Tyene_Sand;Cersei_Lannister;Jaime_Lannister;Tommen_Baratheon;Sarella_Sand;Arys_Oakheart;Balon_Swann;Gerold_Dayne;Ellaria_Sand;High_Sparrow;Jon_Connington
Aegon_II_Targaryen,Aegon II Targaryen,,53,Viserys_I_Targaryen;Alicent_Hightower;Rhaenyra_Targaryen;Aegon_I_Targaryen;Aemond_Targaryen;Daeron_Targaryen_(son_of_Viserys_I);Helaena_Targaryen;Daemon_Targaryen;Otto_Hightower;Laenor_Velaryon;Harwin_Strong;Gyldayn;Aegon_III_Targaryen;Jaehaerys_Targaryen_(son_of_Aegon_II);Jaehaera_Targaryen;Maelor_Targaryen;Jacaerys_Velaryon;Criston_Cole;Lyman_Beesbury;Munkun;Mushroom;Eustace_(Dance_of_the_Dragons);High_Septon_(Dance_of_the_Dragons);Steffon_Darklyn;Orwyle;Lucerys_Velaryon;Borros_Baratheon;Blood_(the_butcher);Cheese_(the_rat-catcher);Mysaria;Corlys_Velaryon;Dalton_Greyjoy;Rhaenys_Targaryen_(daughter_of_Aemon);Larys_Strong;Baela_Targaryen;Gerardys;Marston_Waters;Alfred_Broome;Alyn_Velaryon;Cassandra_Baratheon;Marilda_of_Hull;Trystane_Truefyre;Gaemon_Palehair;Shepherd;Kermit_Tully;Cregan_Stark;Gyles_Belgrave;Leowyn_Corbray;Perkin_the_Flea;Alysanne_Blackwood;Kaeth;Aenys_I_Targaryen;Maegor_I_Targaryen
Duncan_the_Tall,Duncan the Tall,House_Osgrey;House_Targaryen;Kingsguard,53,Ferret;Rafe;Pudding;Arlan_of_Pennytree;Roger_of_Pennytree;Leo_Tyrell_(Longthorn);Lord_Florent;Lord_Dondarrion_(father_of_Manfred);Vulture_King_(Daeron_II);Aegon_V_Targaryen;Daeron_Targaryen_(son_of_Maekar_I);Steely_Pate;Tanselle;Plummer;Lord_Ashford;Baelor_Targaryen_(son_of_Daeron_II);Maekar_I_Targaryen;Aerion_Targaryen;Robyn_Rhysling;Humfrey_Hardyng;Lyonel_Baratheon;Humfrey_Beesbury;Raymun_Fossoway;Steffon_Fossoway;Willem_Wylde;Donnel_of_Duskendale;Roland_Crakehall_(Kingsguard);Cassella_Vaith;Aemon_Targaryen_(son_of_Maekar_I);Eustace_Osgrey;Rohanne_Webber;Daemon_I_Blackfyre;Lucas_Inchfield;Beron_Stark;Gormon_Peake;Alyn_Cockshaw;Daemon_II_Blackfyre;Ambrose_Butterwell;Lady_Frey_(wife_of_Ambrose_Butterwell);Lord_Frey;Maynard_Plumm;Uthor_Underleaf;Tommard_Heddle;Brynden_Rivers;Duncan_Targaryen;Daemon_III_Blackfyre;Jenny_of_Oldstones;Barristan_Selmy;Jaime_Lannister;Selwyn_Tarth;Brienne_Tarth;Bran_Stark;Hodor
Melisandre,Melisandre,R'hllor;House_Baratheon_of_Dragonstone,52,Azor_Ahai;Stannis_Baratheon;Selyse_Florent;Tywin_Lannister;Tyrion_Lannister;Varys;Cressen;Petyr_Baelish;Shireen_Baratheon;Renly_Baratheon;Catelyn_Stark;Loras_Tyrell;Cortnay_Penrose;Edric_Storm;Davos_Seaworth;Elwood_Meadows;Bryce_Caron;Mace_Tyrell;Garlan_Tyrell;Guncer_Sunglass;Hubard_Rambton;Robert_I_Baratheon;Balon_Greyjoy;Robb_Stark;Joffrey_Baratheon;Aemon_Targaryen_(son_of_Maekar_I);Alester_Florent;Orell;Varamyr;Jon_Snow;Mance_Rayder;Maekar_I_Targaryen;Gilly;Monster;Aemon_Steelsong;Daenerys_Targaryen;Rattleshirt;Merrel;Morgan;Devan_Seaworth;Ramsay_Snow;Arya_Stark;Jack_Bulwer;Hairy_Hal;Garth_Greyfeather;Weeper;Denys_Mallister;Alys_Karstark;Cregan_Karstark;Sigorn;Patchface;Cotter_Pyke
Gregor_Clegane,Gregor Clegane,House_Clegane;House_Lannister,52,Aegon_Targaryen_(son_of_Rhaegar);Elia_Martell;Sandor_Clegane;Rhaegar_Targaryen;Amory_Lorch;Hugh;Balon_Swann;Loras_Tyrell;Robert_I_Baratheon;Layna;Tyrion_Lannister;Catelyn_Stark;Tywin_Lannister;Eddard_Stark;Beric_Dondarrion;Joffrey_Baratheon;Jonos_Bracken;Robb_Stark;Kevan_Lannister;Roose_Bolton;Jaime_Lannister;Vargo_Hoat;Amerei_Frey;Pate_of_the_Blue_Fork;Lyman_Darry;Arya_Stark;Tickler;Edmure_Tully;Helman_Tallhart;Robett_Glover;Randyll_Tarly;Wylis_Manderly;Ronnel_Stout;Kyle_Condon;Ben_Blackthumb;Pia;Oberyn_Martell;Doran_Martell;Rhaenys_Targaryen_(daughter_of_Rhaegar);Cersei_Lannister;Bronn;Pycelle;Stannis_Baratheon;Qyburn;Ilyn_Payne;Bonifer_Hasty;Arianne_Martell;Obara_Sand;Tyene_Sand;Nymeria_Sand;Arys_Oakheart;Tommen_Baratheon
Cregan_Stark,Cregan Stark,House_Stark;Blacks,51,Rickon_Stark_(son_of_Benjen);Gilliane_Glover;Sara_Snow;Bennard_Stark;Arra_Norrey;Rickon_Stark_(son_of_Cregan);Viserys_I_Targaryen;Rhaenyra_Targaryen;Aegon_II_Targaryen;Jacaerys_Velaryon;Munkun;Eustace_(Dance_of_the_Dragons);Mushroom;Gyldayn;Roderick_Dustin;Medrick_Manderly;Torrhen_Manderly;Borros_Baratheon;Aegon_III_Targaryen;Orwyle;Gyles_Belgrave;Baela_Targaryen;Corlys_Velaryon;Larys_Strong;Rhaena_Targaryen_(daughter_of_Daemon);Alysanne_Blackwood;Perkin_the_Flea;Benjicot_Blackwood;Sylas_the_Grim;Jaehaera_Targaryen;Unwin_Peake;Myrielle_Peake;Raya_Stark;Sarra_Stark;Alys_Stark;Aemon_Targaryen_(son_of_Viserys_II);Lynara_Stark;Brandon_Stark_(the_Boisterous);Torrhen_Stark;Daeron_I_Targaryen;Sansa_Stark_(daughter_of_Rickon);Serena_Stark;Jonnel_Stark;Edric_Stark_(son_of_Cregan);Barthogan_Stark;Brandon_Stark_(son_of_Cregan);Rodwell_Stark;Beron_Stark;Dagon_Greyjoy;Bran_Stark;Osha
Renly_Baratheon,Renly Baratheon,House_Baratheon,51,Steffon_Baratheon;Cassana_Estermont;Aerys_II_Targaryen;Rhaegar_Targaryen;Patchface;Robert_I_Baratheon;Stannis_Baratheon;Mace_Tyrell;Arianne_Martell;Loras_Tyrell;Cortnay_Penrose;Edric_Storm;Brella;Barristan_Selmy;Ilyn_Payne;Sansa_Stark;Joffrey_Baratheon;Arya_Stark;Nymeria_(direwolf);Sandor_Clegane;Eddard_Stark;Margaery_Tyrell;Lyanna_Stark;Daenerys_Targaryen;Cersei_Lannister;Robb_Stark;Catelyn_Stark;Tywin_Lannister;Melisandre;Emmon_Cuy;Robar_Royce;Arwyn_Oakheart;Mathis_Rowan;Randyll_Tarly;Guyard_Morrigen;Ballabar;Tyrion_Lannister;Bronn;Khorane_Sathmantes;Davos_Seaworth;Hamish_the_Harper;Jaime_Lannister;Garlan_Tyrell;Petyr_Baelish;Illifer;Creighton_Longbough;Hyle_Hunt;Tommen_Baratheon;Gendry;Mya_Stone;Biter
Samwell_Tarly,Samwell Tarly,House_Tarly;Night's_Watch;Citadel,51,Randyll_Tarly;Melessa_Florent;Hyle_Hunt;Mace_Tyrell;Horas_Redwyne;Hobber_Redwyne;Paxter_Redwyne;Desmera_Redwyne;Dickon_Tarly;Jon_Snow;Alliser_Thorne;Aemon_Targaryen_(son_of_Maekar_I);Chett;Jeor_Mormont;Othor;Jafer_Flowers;Robb_Stark;Grenn;Pypar;Todder;Halder;Matthar;Craster;Mance_Rayder;Gilly;Small_Paul;Monster;Jorah_Mormont;Coldhands;Bran_Stark;Hodor;Meera_Reed;Jojen_Reed;Denys_Mallister;Bowen_Marsh;Dywen;Bedwyck;Eddison_Tollett;Stannis_Baratheon;Melisandre;Janos_Slynt;Cotter_Pyke;Dareon;Aemon_Steelsong;Daenerys_Targaryen;Arya_Stark;Alleras;Marwyn;Leo_Tyrell_(son_of_Moryn);Pate_(novice);Walgrave
Criston_Cole,Criston Cole,House_Cole;Rhaenyra_Targaryen;Kingsguard;Greens,50,Viserys_I_Targaryen;Daemon_Targaryen;Rhaenyra_Targaryen;Arryk_Cargyll;Erryk_Cargyll;Lymond_Mallister;Ryam_Redwyne;Gwayne_Hightower;Alicent_Hightower;Mushroom;Harrold_Westerling;Laenor_Velaryon;Eustace_(Dance_of_the_Dragons);Harwin_Strong;Joffrey_Lonmouth;Aemond_Targaryen;Aegon_II_Targaryen;Lyman_Beesbury;Aegon_I_Targaryen;Otto_Hightower;Blood_(the_butcher);Cheese_(the_rat-catcher);Jaehaerys_Targaryen_(son_of_Aegon_II);Munkun;Jacaerys_Velaryon;Joffrey_Velaryon;Rhaenys_Targaryen_(daughter_of_Aemon);Lord_Staunton;Jason_Lannister;Humfrey_Lefford;Oswald_Wode;Lord_Darry_(Dance);Ormund_Hightower;Daeron_Targaryen_(son_of_Viserys_I);Benjicot_Blackwood;Black_Trombo;Garibald_Grey;Pate_of_Longleaf;Roderick_Dustin;Robb_Rivers;Cregan_Stark;Willis_Fell;Aegon_III_Targaryen;Arys_Oakheart;Myrcella_Baratheon;Arianne_Martell;Anders_Yronwood;Quentyn_Martell;Loras_Tyrell;Jaime_Lannister
Sansa_Stark,Sansa Stark,House_Stark;House_Lannister;House_Arryn;House_Baelish,49,Luwin;Catelyn_Stark;Mordane;Arya_Stark;Jon_Snow;Bran_Stark;Waymar_Royce;Theon_Greyjoy;Eddard_Stark;Joffrey_Baratheon;Ilyn_Payne;Cersei_Lannister;Mycah;Nymeria_(direwolf);Robert_I_Baratheon;Sandor_Clegane;Gregor_Clegane;Loras_Tyrell;Jeyne_Poole;Petyr_Baelish;Robb_Stark;Dontos_Hollard;Tyrion_Lannister;Meryn_Trant;Florian_the_Fool;Jonquil;Myrcella_Baratheon;Mandon_Moore;Stannis_Baratheon;Tywin_Lannister;Mace_Tyrell;Margaery_Tyrell;Rickon_Stark;Jaime_Lannister;Willas_Tyrell;Brella;Shae;Lysa_Arryn;Marillion;Lothor_Brune;Robert_Arryn;Nestor_Royce;Jon_Arryn;Arys_Oakheart;Tommen_Baratheon;Lyn_Corbray;Myranda_Royce;Byron_the_Beautiful;Harrold_Hardyng
Rhaenyra_Targaryen,Rhaenyra Targaryen,Blacks,49,Viserys_I_Targaryen;Aemma_Arryn;Daemon_Targaryen;Criston_Cole;Baelon_Targaryen_(son_of_Viserys_I);Alicent_Hightower;Aegon_II_Targaryen;Aemond_Targaryen;Otto_Hightower;Gwayne_Hightower;Eustace_(Dance_of_the_Dragons);Mushroom;Runciter;Forrest_Frey;Jason_Lannister;Tyland_Lannister;Harwin_Strong;Lyonel_Strong;Qoren_Martell;Laenor_Velaryon;Joffrey_Lonmouth;Laena_Velaryon;Rhea_Royce;Jacaerys_Velaryon;Lucerys_Velaryon;Joffrey_Velaryon;Corlys_Velaryon;Larys_Strong;Qarl_Correy;Aegon_III_Targaryen;Viserys_II_Targaryen;Mellos;Gerardys;Visenya_Targaryen_(daughter_of_Daemon);Steffon_Darklyn;Jaehaerys_I_Targaryen;Borros_Baratheon;Bartimos_Celtigar;Maegor_I_Targaryen;Addam_Velaryon;Nettles;Manfryd_Mooton;Helaena_Targaryen;Alfred_Broome;Stannis_Baratheon;Davos_Seaworth;Arianne_Martell;Myrcella_Baratheon;Daenerys_Targaryen
Brynden_Tully,Brynden Tully,House_Tully;House_Stark;House_Arryn,49,Hoster_Tully;Norbert_Vance;Lord_Tully_(father_of_Hoster);Bethany_Redwyne;Lord_Bracken_(Aerys_II);Walder_Frey;Catelyn_Stark;Lysa_Arryn;Edmure_Tully;Petyr_Baelish;Minisa_Whent;Brandon_Stark;Tywin_Lannister;Jaime_Lannister;Sumner_Crakehall;Rickard_Stark;Aerys_II_Targaryen;Eddard_Stark;Jon_Arryn;Robert_I_Baratheon;Tyrion_Lannister;Robb_Stark;Addam_Marbrand;Roose_Bolton;Theon_Greyjoy;Martyn_Rivers;Vyman;Rickard_Karstark;Tion_Frey;Willem_Lannister;Jeyne_Westerling;Roslin_Frey;Galbart_Glover;Arya_Stark;Sandor_Clegane;Emmon_Frey;Daven_Lannister;Ryman_Frey;Gawen_Westerling;Cersei_Lannister;Sansa_Stark;Jon_Snow;Edwyn_Frey;Lyle_Crakehall;Clement_Piper;Dermot_of_the_Rainwood;Forley_Prester;Jonos_Bracken;Tytos_Blackwood
Rhaena_Targaryen_(daughter_of_Aenys_I),Rhaena Targaryen,House_Targaryen,48,Aegon_I_Targaryen;Aenys_I_Targaryen;Alyssa_Velaryon;Rhaenys_Targaryen;Maegor_I_Targaryen;Visenya_Targaryen;High_Septon_(Aegon_I);Ceryse_Hightower;Larissa_Velaryon;Samantha_Stokeworth;Alyn_Stokeworth;Aegon_Targaryen_(son_of_Aenys_I);Jaehaerys_I_Targaryen;Alysanne_Targaryen;Viserys_Targaryen_(son_of_Aenys_I);Melony_Piper;Alayne_Royce;Gyldayn;Alys_Harroway;High_Septon_(Aenys_I);Murmison;Aerea_Targaryen;Rhaella_Targaryen_(daughter_of_Aegon);Lyman_Lannister;Marq_Farman;Androw_Farman;Smike;Elissa_Farman;Daemon_Velaryon_(son_of_Aethan);Elinor_Costayne;Jeyne_Westerling_(wife_of_Maegor_I);Tyanna_of_the_Tower;Aegon_Targaryen_(son_of_Jaehaerys_I);High_Lickspittle;Jocasta_Lannister;Rogar_Baratheon;Franklyn_Farman;Tyler_Hill;Merrell_Bullock;Alyn_Bullock;Lianna_Velaryon;Culiper;Cassella_Staunton;Maryam;Rego_Draz;Daenerys_Targaryen_(daughter_of_Jaehaerys_I);Donnel_Hightower;Maegor_Towers
Walder_Frey,Walder Frey,House_Frey,48,Lady_Frey_(wife_of_Ambrose_Butterwell);Ambrose_Butterwell;Duncan_the_Tall;Tytos_Lannister;Emmon_Frey;Genna_Lannister;Tywin_Lannister;Hoster_Tully;Jon_Arryn;Robert_Arryn;Edmure_Tully;Annara_Farring;Catelyn_Stark;Tyrion_Lannister;Joyeuse_Erenford;Addam_Marbrand;Jaime_Lannister;Robb_Stark;Arya_Stark;Elmar_Frey;Walder_Frey_(son_of_Merrett);Walder_Frey_(son_of_Jammos);Olyvar_Frey;Stevron_Frey;Roose_Bolton;Walda_Frey_(daughter_of_Merrett);Merrett_Frey;Jeyne_Westerling;Ryman_Frey;Lothar_Frey;Roslin_Frey;Joffrey_Baratheon;Petyr_Frey;Daven_Lannister;Lancel_Lannister;Amerei_Frey;Cersei_Lannister;Elder_Brother_(Quiet_Isle);Walder_Rivers;Tommen_Baratheon;Wyman_Manderly;Rhaegar_Frey;Wynafryd_Manderly;Wylla_Manderly;Aenys_Frey;Hosteen_Frey;Jared_Frey;Symond_Frey
Aegon_V_Targaryen,Aegon V Targaryen,,48,"Maekar_I_Targaryen;Dyanna_Dayne;Aemon_Targaryen_(son_of_Maekar_I);Melaquin;Aerion_Targaryen;Rhae_Targaryen;Daella_Targaryen_(daughter_of_Maekar_I);Duncan_the_Tall;Daeron_Targaryen_(son_of_Maekar_I);Lyonel_Baratheon;Baelor_Targaryen_(son_of_Daeron_II);Eustace_Osgrey;Rohanne_Webber;Daeron_II_Targaryen;Wyman_Webber;Lucas_Inchfield;Mallor;Aerys_I_Targaryen;Uthor_Underleaf;Lothar;Ambrose_Butterwell;Lord_Frey;Tommard_Heddle;Brynden_Rivers;Betha_Blackwood;Duncan_Targaryen;Tion_Lannister;Tywald_Lannister;Vaella_Targaryen_(daughter_of_Daeron);Maegor_Targaryen_(son_of_Aerion);Aenys_Blackfyre;Daemon_III_Blackfyre;Aegor_Rivers;Tytos_Lannister;Jaehaerys_II_Targaryen;Celia_Tully;Daeron_Targaryen_(son_of_Aegon_V);Shaera_Targaryen;Luthor_Tyrell;Jenny_of_Oldstones;Rhaelle_Targaryen;Ormund_Baratheon;Olenna_Redwyne;Jeremy_Norridge;The_Rat,_the_Hawk,_and_the_Pig;Aerys_II_Targaryen;Tywin_Lannister;Jon_Snow"
Daemon_Targaryen,Daemon Targaryen,House_Targaryen;Blacks,48,Alyssa_Targaryen;Jaehaerys_I_Targaryen;Viserys_I_Targaryen;Aegon_Targaryen_(son_of_Baelon);Rhea_Royce;Corlys_Velaryon;Laenor_Velaryon;Criston_Cole;Otto_Hightower;Mysaria;Rhaenyra_Targaryen;Aemma_Arryn;Baelon_Targaryen_(son_of_Viserys_I);Craghas_Drahar;Racallio_Ryndoon;Alicent_Hightower;Runciter;Eustace_(Dance_of_the_Dragons);Arryk_Cargyll;Mushroom;Lyonel_Strong;Laena_Velaryon;Jeyne_Arryn;Baela_Targaryen;Rhaena_Targaryen_(daughter_of_Daemon);Mellos;Jacaerys_Velaryon;Lucerys_Velaryon;Qarl_Correy;Harwin_Strong;Joffrey_Velaryon;Aegon_III_Targaryen;Viserys_II_Targaryen;Vaemond_Velaryon;Aegon_II_Targaryen;Visenya_Targaryen_(daughter_of_Daemon);Steffon_Darklyn;Simon_Strong;Aemond_Targaryen;Blood_(the_butcher);Cheese_(the_rat-catcher);Jaehaerys_Targaryen_(son_of_Aegon_II);Nettles;Norren_(House_Mooton);Hugh_Hammer;Ulf_White;Manfryd_Mooton;Alys_Rivers
Tommen_Baratheon,Tommen Baratheon,,48,Eddard_Stark;Joffrey_Baratheon;Cersei_Lannister;Tywin_Lannister;Myrcella_Baratheon;Robert_I_Baratheon;Jon_Arryn;Bran_Stark;Arya_Stark;Jaime_Lannister;Renly_Baratheon;Stannis_Baratheon;Gyles_Rosby;Tyrion_Lannister;Jacelyn_Bywater;Alayaya;Boros_Blount;Alester_Florent;Shireen_Baratheon;Sansa_Stark;Megga_Tyrell;Margaery_Tyrell;Oberyn_Martell;Shae;Kevan_Lannister;Jon_Snow;Samwell_Tarly;Aemon_Targaryen_(son_of_Maekar_I);Gregor_Clegane;Harys_Swyft;Mace_Tyrell;Alla_Tyrell;Elinor_Tyrell;Arianne_Martell;Doran_Martell;Aurane_Waters;Loras_Tyrell;Osney_Kettleblack;High_Sparrow;Pycelle;Ricasso;Balon_Swann;Trystane_Martell;Ellaria_Sand;Tycho_Nestoris;Russell_Merryweather;Varys;Aegon_Targaryen_(son_of_Rhaegar)
Varys,Varys,House_Targaryen;Aegon_VI_Targaryen,46,Illyrio_Mopatis;Pycelle;A_certain_man;Aerys_II_Targaryen;Rhaegar_Targaryen;Rhaella_Targaryen;Tywin_Lannister;Steffon_Baratheon;Barristan_Selmy;Yandel;Jaime_Lannister;Robert_I_Baratheon;Edric_Storm;Viserys_Targaryen;Selyse_Florent;Eddard_Stark;Jorah_Mormont;Daenerys_Targaryen;Drogo;Catelyn_Stark;Bran_Stark;Petyr_Baelish;Tyrion_Lannister;Cersei_Lannister;Jon_Arryn;Arya_Stark;Rhaego;Joffrey_Baratheon;Sansa_Stark;Shae;Lancel_Lannister;Jacelyn_Bywater;Gendry;Yoren;Gregor_Clegane;Samwell_Spicer;Stannis_Baratheon;Meryn_Trant;Rugen;Tommen_Baratheon;Qyburn;Tyrek_Lannister;Aegon_Targaryen_(son_of_Rhaegar);Pisswater_prince;Jon_Connington;Kevan_Lannister
Baela_Targaryen,Baela Targaryen,House_Targaryen;House_Velaryon;Blacks,46,Rhaena_Targaryen_(daughter_of_Daemon);Laena_Velaryon;Daemon_Targaryen;Viserys_I_Targaryen;Jacaerys_Velaryon;Munkun;Mushroom;Sara_Snow;Rhaenyra_Targaryen;Robert_Quince;Aegon_II_Targaryen;Tom_Tangletongue;Alfred_Broome;Marston_Waters;Gerardys;Corlys_Velaryon;Alyn_Velaryon;Alicent_Hightower;Larys_Strong;Cregan_Stark;Alysanne_Blackwood;Aegon_III_Targaryen;Jaehaera_Targaryen;Viserys_II_Targaryen;Amarys;Eustace_(Dance_of_the_Dragons);Tyland_Lannister;Myles_Mooton;Roland_Westerling;Thaddeus_Rowan;Kermit_Tully;Benjicot_Blackwood;Lyonel_Hightower;Dalton_Greyjoy;Qyle_Martell;Racallio_Ryndoon;High_Septon_(Regency_of_Aegon_III);Unwin_Peake;Myrielle_Peake;Daenaera_Velaryon;Corwyn_Corbray;Laena_Velaryon_(daughter_of_Alyn);Aliandra_Martell;Rennifer_Longwaters;Jaime_Lannister;Elaena_Targaryen
Lyanna_Stark,Lyanna Stark,House_Stark,46,Rickard_Stark;Lyarra_Stark;Brandon_Stark;Eddard_Stark;Benjen_Stark;Jon_Arryn;Robert_I_Baratheon;Mya_Stone;Rhaegar_Targaryen;Howland_Reed;Aerys_II_Targaryen;Barristan_Selmy;Elia_Martell;Arthur_Dayne;Oswell_Whent;Ethan_Glover;Jeffory_Mallister;Kyle_Royce;Elbert_Arryn;Bran_Stark;Daenerys_Targaryen;Daario_Naharis;Viserys_Targaryen;Cersei_Lannister;Kevan_Lannister;Tywin_Lannister;Gerold_Hightower;Jaime_Lannister;Rhaenys_Targaryen_(daughter_of_Rhaegar);Aegon_Targaryen_(son_of_Rhaegar);Martyn_Cassel;Theo_Wull;Mark_Ryswell;Willam_Dustin;Maege_Mormont;Lyanna_Mormont;Stannis_Baratheon;Sansa_Stark;Renly_Baratheon;Margaery_Tyrell;Joffrey_Baratheon;Theon_Greyjoy;Meera_Reed;Jojen_Reed;Arya_Stark;Ashara_Dayne
Pycelle,Pycelle,Citadel;House_Lannister,46,Maekar_I_Targaryen;Merion;Aegon_V_Targaryen;Kaeth;Ellendor;Jaehaerys_II_Targaryen;Aerys_II_Targaryen;Tywin_Lannister;Rhaegar_Targaryen;Owen_Merryweather;Lysa_Arryn;Catelyn_Stark;Jon_Arryn;Eddard_Stark;Varys;Daenerys_Targaryen;Drogo;Jaime_Lannister;Gregor_Clegane;Cersei_Lannister;Robert_I_Baratheon;Joffrey_Baratheon;Sansa_Stark;Tyrion_Lannister;Petyr_Baelish;Doran_Martell;Shagga;Timett;Pycelle's_serving_girl;Colemon;Renly_Baratheon;Margaery_Tyrell;Gormon_Tyrell;Tommen_Baratheon;Oberyn_Martell;Stannis_Baratheon;Qyburn;High_Sparrow;Aurane_Waters;Orton_Merryweather;Osfryd_Kettleblack;Osney_Kettleblack;Humfrey_Waters;Harys_Swyft;Kevan_Lannister;Mace_Tyrell
Roose_Bolton,Roose Bolton,House_Bolton,46,Miller's_wife;Ramsay_Snow;Rickard_Stark;Barristan_Selmy;Robert_I_Baratheon;Bethany_Bolton;Domeric_Bolton;Barbrey_Dustin;Horton_Redfort;Reek;Uthor;Robb_Stark;Eddard_Stark;Hoster_Tully;Tywin_Lannister;Walder_Frey;Walda_Frey_(daughter_of_Merrett);Arya_Stark;Edmure_Tully;Helman_Tallhart;Vargo_Hoat;Robett_Glover;Aenys_Frey;Amory_Lorch;Jaqen_H'ghar;Stannis_Baratheon;Nymeria_(direwolf);Donella_Hornwood;Rodrik_Cassel;Theon_Greyjoy;Jeyne_Westerling;Jaime_Lannister;Rickard_Karstark;Gregor_Clegane;Roslin_Frey;Harrion_Karstark;Walder_Frey_(son_of_Jammos);Walder_Frey_(son_of_Merrett);Lothar_Frey;Jeyne_Poole;Hosteen_Frey;Hother_Umber;Wyman_Manderly;Arnolf_Karstark;Tyrion_Lannister;Mance_Rayder
Wyman_Manderly,Wyman Manderly,House_Manderly,45,Bartimus;Eddard_Stark;Catelyn_Stark;Robb_Stark;Wylis_Manderly;Wendel_Manderly;Bran_Stark;Rodrik_Cassel;Luwin;Donella_Hornwood;Beth_Cassel;Ramsay_Snow;Theon_Greyjoy;Gregor_Clegane;Tommen_Baratheon;Davos_Seaworth;Stannis_Baratheon;Cersei_Lannister;Jaime_Lannister;Jon_Snow;Val;Robett_Glover;Rhaegar_Frey;Symond_Frey;Jared_Frey;Walder_Frey;Wynafryd_Manderly;Wylla_Manderly;Walder_Frey_(son_of_Merrett);Marlon_Manderly;Theomore;Wex_Pyke;Rickon_Stark;Jeyne_Poole;Hosteen_Frey;Aenys_Frey;Walder_Frey_(son_of_Jammos);Roose_Bolton;Mance_Rayder;Danny_Flint;Walda_Frey_(daughter_of_Merrett);Rat_Cook;Barbrey_Dustin;Roger_Ryswell;Medrick
Viserys_I_Targaryen,Viserys I Targaryen,,45,Alyssa_Targaryen;Jaehaerys_I_Targaryen;Alysanne_Targaryen;Barth;Daemon_Targaryen;Aegon_Targaryen_(son_of_Baelon);Aemma_Arryn;Rhaenyra_Targaryen;Mushroom;Otto_Hightower;Baelon_Targaryen_(son_of_Viserys_I);Alicent_Hightower;Runciter;Laena_Velaryon;Corlys_Velaryon;Laenor_Velaryon;Aegon_II_Targaryen;Helaena_Targaryen;Aemond_Targaryen;Lyonel_Strong;Eustace_(Dance_of_the_Dragons);Jacaerys_Velaryon;Harwin_Strong;Daeron_Targaryen_(son_of_Viserys_I);Lucerys_Velaryon;Joffrey_Velaryon;Baela_Targaryen;Rhaena_Targaryen_(daughter_of_Daemon);Larys_Strong;Qarl_Correy;Aegon_III_Targaryen;Viserys_II_Targaryen;Mellos;Gerardys;Alfador;Orwyle;Tyland_Lannister;Jasper_Wylde;Lyman_Beesbury;Jaehaerys_Targaryen_(son_of_Aegon_II);Jaehaera_Targaryen;Maelor_Targaryen;Criston_Cole;Perkin_the_Flea;Trystane_Truefyre
Rhaegar_Targaryen,Rhaegar Targaryen,House_Targaryen,44,Aerys_II_Targaryen;Rhaella_Targaryen;Robert_I_Baratheon;Jaime_Lannister;Myles_Mooton;Richard_Lonmouth;Jon_Connington;Armond_Connington;Arthur_Dayne;Barristan_Selmy;Cersei_Lannister;Tywin_Lannister;Gerion_Lannister;Tygett_Lannister;Steffon_Baratheon;Elia_Martell;Doran_Martell;Viserys_Targaryen;Rhaenys_Targaryen_(daughter_of_Rhaegar);Aegon_Targaryen_(son_of_Rhaegar);Aemon_Targaryen_(son_of_Maekar_I);Pycelle;Lyanna_Stark;Walter_Whent;Oswell_Whent;Varys;Eddard_Stark;Gerold_Hightower;Gregor_Clegane;Amory_Lorch;Brandon_Stark;Howland_Reed;Daenerys_Targaryen;Kevan_Lannister;Arya_Stark;Mycah;Tyrion_Lannister;Owen_Merryweather;Elder_Brother_(Quiet_Isle);Hizdahr_zo_Loraq;Daario_Naharis;Jaehaerys_II_Targaryen;Pisswater_prince;Illyrio_Mopatis
Rhaella_Targaryen,Rhaella Targaryen,House_Targaryen,44,Jaehaerys_II_Targaryen;Shaera_Targaryen;Aerys_II_Targaryen;Barristan_Selmy;Bonifer_Hasty;Ghost_of_High_Heart;Jenny_of_Oldstones;Aegon_V_Targaryen;Doran_Martell;Joanna_Lannister;Rhaegar_Targaryen;Shaena_Targaryen;Daeron_Targaryen_(son_of_Aerys_II);Aegon_Targaryen_(son_of_Aerys_II);Jaehaerys_Targaryen_(son_of_Aerys_II);Tywin_Lannister;Viserys_Targaryen;Steffon_Baratheon;Varys;Jaime_Lannister;Qarlton_Chelsted;Jonothor_Darry;Robert_I_Baratheon;Willem_Darry;Aegon_Targaryen_(son_of_Rhaegar);Daenerys_Targaryen;Daenerys_Targaryen_(daughter_of_Aegon_IV);Maron_Martell;Stannis_Baratheon;Eddard_Stark;Jorah_Mormont;Xaro_Xhoan_Daxos;Kraznys_mo_Nakloz;Brienne_Tarth;Joffrey_Baratheon;Tyrion_Lannister;Oberyn_Martell;Princess_of_Dorne_(mother_of_Doran);Cersei_Lannister;Hizdahr_zo_Loraq;Jon_Connington;Daario_Naharis;Lyanna_Stark;Ashara_Dayne
Alicent_Hightower,Alicent Hightower,House_Hightower;House_Targaryen;Greens,43,Otto_Hightower;Lord_Hightower;Gwayne_Hightower;Jaehaerys_I_Targaryen;Saera_Targaryen;Viserys_I_Targaryen;Daemon_Targaryen;Aemma_Arryn;Mushroom;Rhaenyra_Targaryen;Aegon_II_Targaryen;Helaena_Targaryen;Aemond_Targaryen;Criston_Cole;Daeron_Targaryen_(son_of_Viserys_I);Jacaerys_Velaryon;Lucerys_Velaryon;Laenor_Velaryon;Harwin_Strong;Aegon_III_Targaryen;Jaehaerys_Targaryen_(son_of_Aegon_II);Jaehaera_Targaryen;Ormund_Hightower;Mellos;Gerardys;Alfador;Orwyle;Viserys_II_Targaryen;Blood_(the_butcher);Cheese_(the_rat-catcher);Larys_Strong;Gyldayn;Maelor_Targaryen;Luthor_Largent;Mysaria;Perkin_the_Flea;Trystane_Truefyre;Borros_Baratheon;Cassandra_Baratheon;Corlys_Velaryon;Rhaena_Targaryen_(daughter_of_Daemon);Cregan_Stark;Tyland_Lannister
Jorah_Mormont,Jorah Mormont,House_Mormont;House_Targaryen;Queensguard;Second_Sons,43,Jeor_Mormont;Eddard_Stark;Robert_I_Baratheon;Balon_Greyjoy;Illyrio_Mopatis;Lynesse_Hightower;Jaime_Lannister;Leyton_Hightower;Maege_Mormont;Tregar_Ormollen;Ben_Plumm;Varys;Daenerys_Targaryen;Viserys_Targaryen;Drogo;Ogo;Mirri_Maz_Duur;Qotho;Rhaego;Rakharo;Xaro_Xhoan_Daxos;Pyat_Pree;Quaithe;Quhuru_Mo;Joffrey_Baratheon;Stannis_Baratheon;Renly_Baratheon;Belwas;Barristan_Selmy;Rhaegar_Targaryen;Grey_Worm;Mero;Daario_Naharis;Samwell_Tarly;Tyrion_Lannister;Benerro;Widow_of_the_waterfront;Penny;Oppo;Hizdahr_zo_Loraq;Yezzan_zo_Qaggaz;Nurse;Morghaz_zo_Zherzyn
Mance_Rayder,Mance Rayder,,43,Selyse_Florent;Bael_the_Bard;Lord_Commander_Qorgyle;Eddard_Stark;Robb_Stark;Jon_Snow;Wisewoman's_daughter;Denys_Mallister;Lord_of_Bones;Tormund;Styr;Robert_I_Baratheon;Benjen_Stark;Dalla;Osha;Bran_Stark;Qhorin_Halfhand;Craster;Jeor_Mormont;Alfyn_Crowkiller;Val;Alliser_Thorne;Janos_Slynt;Stannis_Baratheon;Aemon_Steelsong;Aemon_Targaryen_(son_of_Maekar_I);Gilly;Melisandre;Rattleshirt;Mors_Umber;Arya_Stark;Ramsay_Snow;Monster;Roose_Bolton;Rowan;Holly;Squirrel_(free_folk);Willow_Witch-eye;Frenya;Myrtle;Theon_Greyjoy;Jeyne_Poole;Walder_Frey_(son_of_Merrett)
Rickon_Stark,Rickon Stark,House_Stark,42,Catelyn_Stark;Eddard_Stark;Luwin;Robb_Stark;Bran_Stark;Sansa_Stark;Arya_Stark;Jon_Snow;Robert_I_Baratheon;Catspaw;Tyrion_Lannister;Gage;Mikken;Farlen;Osha;Joffrey_Baratheon;Walder_Frey_(son_of_Jammos);Walder_Frey_(son_of_Merrett);Rodrik_Cassel;Jojen_Reed;Ramsay_Snow;Theon_Greyjoy;Meera_Reed;Stygg;Hodor;Miller's_sons;Varys;Cersei_Lannister;Jaime_Lannister;Jeyne_Westerling;Walder_Frey;Hoster_Tully;Aemon_Targaryen_(son_of_Maekar_I);Willas_Tyrell;Tywin_Lannister;Wyman_Manderly;Robett_Glover;Wex_Pyke;Davos_Seaworth;Stannis_Baratheon;Roose_Bolton;Asha_Greyjoy
Balon_Swann,Balon Swann,House_Swann;Kingsguard,41,Alyn;Gregor_Clegane;Anguy;Jalabhar_Xho;Robert_I_Baratheon;Petyr_Baelish;Eddard_Stark;Cersei_Lannister;Dontos_Hollard;Sansa_Stark;Morros_Slynt;Tanda_Stokeworth;Gyles_Rosby;Renly_Baratheon;Robb_Stark;Varys;Tyrion_Lannister;Donnel_Swann;Stannis_Baratheon;Gulian_Swann;Myrcella_Baratheon;Aron_Santagar;Preston_Greenfield;Mandon_Moore;Sandor_Clegane;Loras_Tyrell;Steelshanks_Walton;Jaime_Lannister;Oberyn_Martell;Tywin_Lannister;Doran_Martell;Arys_Oakheart;Areo_Hotah;Gerold_Dayne;Nymella_Toland;Arianne_Martell;Ellaria_Sand;Obara_Sand;Nymeria_Sand;Tyene_Sand;Trystane_Martell
Randyll_Tarly,Randyll Tarly,House_Tarly,41,Melessa_Florent;Alester_Florent;Samwell_Tarly;Dickon_Tarly;Mace_Tyrell;Robert_I_Baratheon;Lord_Cafferen;Hyle_Hunt;Horas_Redwyne;Hobber_Redwyne;Paxter_Redwyne;Jon_Snow;Renly_Baratheon;Stannis_Baratheon;Catelyn_Stark;Mathis_Rowan;Tywin_Lannister;Arwyn_Oakheart;Leyton_Hightower;Harrion_Karstark;Robett_Glover;Helman_Tallhart;Renfred_Rykker;William_Mooton;Gilly;Monster;Kevan_Lannister;Cersei_Lannister;Eleanor_Mooton;Tommen_Baratheon;Sansa_Stark;Pyg;Timeon;Shagwell;Dick_Crabb;Elder_Brother_(Quiet_Isle);Jack-Be-Lucky;Margaery_Tyrell;Arys_Oakheart;Jon_Connington;Ronnet_Connington
Rodrik_Cassel,Rodrik Cassel,House_Cassel;House_Stark,41,Luwin;Robb_Stark;Jon_Snow;Theon_Greyjoy;Eddard_Stark;Waymar_Royce;Yohn_Royce;Jory_Cassel;Bran_Stark;Tommen_Baratheon;Joffrey_Baratheon;Robert_I_Baratheon;Catspaw;Catelyn_Stark;Moreo_Tumitis;Aron_Santagar;Petyr_Baelish;Tyrion_Lannister;Lysa_Arryn;Willis_Wode;Brynden_Tully;Osha;Walder_Frey_(son_of_Jammos);Walder_Frey_(son_of_Merrett);Wyman_Manderly;Donella_Hornwood;Mors_Umber;Hother_Umber;Leobald_Tallhart;Ramsay_Snow;Reek;Rickon_Stark;Miller's_sons;Cley_Cerwyn;Beth_Cassel;Lothar_Frey;Walder_Frey;Roose_Bolton;Robett_Glover;Wex_Pyke;Davos_Seaworth
Jeyne_Poole,Jeyne Poole,House_Poole;House_Stark;House_Bolton,41,Sansa_Stark;Arya_Stark;Beth_Cassel;Myrcella_Baratheon;Joffrey_Baratheon;Eddard_Stark;Vayon_Poole;Jalabhar_Xho;Thoros_of_Myr;Beric_Dondarrion;Mordane;Gregor_Clegane;Loras_Tyrell;Sandor_Clegane;Boros_Blount;Cersei_Lannister;Petyr_Baelish;Roose_Bolton;Jaime_Lannister;Steelshanks_Walton;Ramsay_Snow;Catelyn_Stark;Tywin_Lannister;Jon_Snow;Myranda_Royce;Theon_Greyjoy;Stannis_Baratheon;Barbrey_Dustin;Melisandre;Mance_Rayder;Alys_Karstark;Cregan_Karstark;Walder_Frey_(son_of_Merrett);Holly;Frenya;Mors_Umber;Tycho_Nestoris;Gage;Mikken;Justin_Massey;Alysane_Mormont
Ilyn_Payne,Ilyn Payne,House_Payne;House_Lannister;House_Baratheon_of_King's_Landing,40,Tywin_Lannister;Aerys_II_Targaryen;Robert_I_Baratheon;Eddard_Stark;Sansa_Stark;Joffrey_Baratheon;Nymeria_(direwolf);Cersei_Lannister;Gregor_Clegane;Beric_Dondarrion;Varys;Janos_Slynt;Yoren;Arya_Stark;Tyrion_Lannister;Robb_Stark;Osfryd_Kettleblack;Stannis_Baratheon;Mace_Tyrell;Tobho_Mott;Jaime_Lannister;Margaery_Tyrell;Oberyn_Martell;Pycelle;Elia_Martell;Zollo;Vargo_Hoat;Addam_Marbrand;Petyr_Baelish;Qyburn;Pia;Raymun_Darry;Edwyn_Frey;Clement_Piper;Edmure_Tully;Ryman_Frey;Emmon_Frey;Brynden_Tully;Forley_Prester;Brienne_Tarth
Robett_Glover,Robett Glover,House_Glover,40,Robb_Stark;Galbart_Glover;Sybelle_Glover;Roose_Bolton;Jon_Umber_(Greatjon);Tywin_Lannister;Jaime_Lannister;Catelyn_Stark;Brynden_Tully;Walder_Frey;Hoster_Tully;Vargo_Hoat;Arya_Stark;Aenys_Frey;Amory_Lorch;Jaqen_H'ghar;Biter;Rorge;Stannis_Baratheon;Helman_Tallhart;Asha_Greyjoy;Benfred_Tallhart;Randyll_Tarly;Gregor_Clegane;Tyrion_Lannister;Martyn_Lannister;Kevan_Lannister;Willem_Lannister;Rickard_Karstark;Edmure_Tully;Balon_Greyjoy;Euron_Greyjoy;Gawen_Glover;Erena_Glover;Davos_Seaworth;Wyman_Manderly;Tommen_Baratheon;Wex_Pyke;Bran_Stark;Rickon_Stark
Unwin_Peake,Unwin Peake,House_Peake;Greens;Caltrops,40,Ormund_Hightower;Owain_Bourney;Borros_Baratheon;Hobert_Hightower;Hugh_Hammer;Ulf_White;Aemond_Targaryen;Daeron_Targaryen_(son_of_Viserys_I);Aegon_III_Targaryen;Eustace_(Dance_of_the_Dragons);Corlys_Velaryon;Tyland_Lannister;Manfryd_Mooton;Munkun;Amaury_Peake;Mervyn_Flowers;Gareth_Long;Lucas_Leygood;Clarice_Osgrey;Jaehaera_Targaryen;George_Graceford;Victor_Risley;Bernard;Gedmund_Peake;Racallio_Ryndoon;Alyn_Velaryon;Dalton_Greyjoy;Gyldayn;Baela_Targaryen;Myrielle_Peake;Cregan_Stark;Kermit_Tully;Benjicot_Blackwood;Rhaena_Targaryen_(daughter_of_Daemon);Daenaera_Velaryon;Gaemon_Palehair;Mushroom;Marston_Waters;Viserys_II_Targaryen;Larra_Rogare
Jon_Connington,Jon Connington,House_Connington;House_Targaryen;Golden_Company,40,Armond_Connington;Rhaegar_Targaryen;Ronald_Connington;Elia_Martell;Ashara_Dayne;Barristan_Selmy;Aerys_II_Targaryen;Owen_Merryweather;Robert_I_Baratheon;Tywin_Lannister;Eddard_Stark;Hoster_Tully;Jon_Arryn;Denys_Arryn;Myles_Toyne;Harry_Strickland;Illyrio_Mopatis;Varys;Aegon_Targaryen_(son_of_Rhaegar);Tyrion_Lannister;Petyr_Baelish;Daenerys_Targaryen;Jaime_Lannister;Harwin;Arya_Stark;Ronnet_Connington;Haldon;Rolly_Duckfield;Lemore;Ysilla;Yandry;Joffrey_Baratheon;Jorah_Mormont;Doran_Martell;Stannis_Baratheon;Tommen_Baratheon;Kevan_Lannister;Addam_Whitehead;Arianne_Martell;Mary_Mertyns
Lysa_Arryn,Lysa Arryn,House_Tully;House_Arryn;House_Baelish,39,Hoster_Tully;Minisa_Whent;Catelyn_Stark;Edmure_Tully;Petyr_Baelish;Brynden_Tully;Kym;Tywin_Lannister;Jaime_Lannister;Aerys_II_Targaryen;Tyrion_Lannister;Jon_Arryn;Denys_Arryn;Eddard_Stark;Robb_Stark;Robert_I_Baratheon;Robert_Arryn;Sansa_Stark;Tom_of_Sevenstreams;Stannis_Baratheon;Pycelle;Colemon;Cersei_Lannister;Lyn_Corbray;Eon_Hunter;Nestor_Royce;Morton_Waynwood;Kevan_Lannister;Yohn_Royce;Horton_Redfort;Varys;Bronn;Vardis_Egen;Joffrey_Baratheon;Myrcella_Baratheon;Marillion;Marwyn_Belmore;Lothor_Brune;Arya_Stark
Jeor_Mormont,Jeor Mormont,House_Mormont;Night's_Watch,39,Jorah_Mormont;Denys_Mallister;Cotter_Pyke;Benjen_Stark;Lord_Commander_Qorgyle;Eddard_Stark;Maege_Mormont;Waymar_Royce;Tyrion_Lannister;Robert_I_Baratheon;Jaime_Lannister;Tywin_Lannister;Jon_Snow;Samwell_Tarly;Othor;Jafer_Flowers;Aemon_Targaryen_(son_of_Maekar_I);Jaremy_Rykker;Pycelle;Alliser_Thorne;Joffrey_Baratheon;Robb_Stark;Mance_Rayder;Arnell;Renly_Baratheon;Craster;Qhorin_Halfhand;Rattleshirt;Bowen_Marsh;Chett;Softfoot;Small_Paul;Bannen;Dirk;Garth_of_Greenaway;Ollo_Lophand;Gilly;Monster;Stannis_Baratheon
Bran_Stark,Brandon Stark,House_Stark,39,Eddard_Stark;Catelyn_Stark;Brandon_Stark;Robb_Stark;Sansa_Stark;Arya_Stark;Rickon_Stark;Jon_Snow;Luwin;Rodrik_Cassel;Theon_Greyjoy;Balon_Greyjoy;Jaime_Lannister;Gared;Benjen_Stark;Tommen_Baratheon;Robert_I_Baratheon;Cersei_Lannister;Catspaw;Tyrion_Lannister;Joseth;Osha;Joffrey_Baratheon;Walder_Frey_(son_of_Jammos);Walder_Frey_(son_of_Merrett);Meera_Reed;Jojen_Reed;Howland_Reed;Reek;Ramsay_Snow;Roose_Bolton;Hodor;The_Liddle;Samwell_Tarly;Gilly;Coldhands;Leaf;Brynden_Rivers;Jeyne_Poole
Aerion_Targaryen,Aerion Targaryen,House_Targaryen;Second_Sons,38,Maekar_I_Targaryen;Dyanna_Dayne;Daeron_Targaryen_(son_of_Maekar_I);Aemon_Targaryen_(son_of_Maekar_I);Aegon_V_Targaryen;Daella_Targaryen_(daughter_of_Maekar_I);Rhae_Targaryen;Duncan_the_Tall;Valarr_Targaryen;Humfrey_Hardyng;Lord_Ashford;Tanselle;Baelor_Targaryen_(son_of_Daeron_II);Steffon_Fossoway;Willem_Wylde;Donnel_of_Duskendale;Roland_Crakehall_(Kingsguard);Humfrey_Beesbury;Robyn_Rhysling;Raymun_Fossoway;Lyonel_Baratheon;Aegor_Rivers;Brynden_Rivers;Aerys_I_Targaryen;Daenora_Targaryen;Maegor_Targaryen_(son_of_Aerion);Bran_Stark;Jon_Snow;Jeor_Mormont;Sansa_Stark;Joffrey_Baratheon;Alester_Florent;Davos_Seaworth;Stannis_Baratheon;Selyse_Florent;Jaime_Lannister;Aerys_II_Targaryen;Tyrion_Lannister
Aemon_Targaryen_(son_of_Maekar_I),Aemon Targaryen,House_Targaryen;Citadel;Night's_Watch,38,Maekar_I_Targaryen;Dyanna_Dayne;Aemon_Targaryen_(son_of_Viserys_II);Daeron_II_Targaryen;Aegon_V_Targaryen;Melaquin;Duncan_the_Tall;Daeron_Targaryen_(son_of_Maekar_I);Rhaelle_Targaryen;Brynden_Rivers;Rhaegar_Targaryen;Aegon_Targaryen_(son_of_Rhaegar);Gared;Clydas;Chett;Jeor_Mormont;Tyrion_Lannister;Jon_Snow;Samwell_Tarly;Alliser_Thorne;Bowen_Marsh;Othor;Pycelle;Donal_Noye;Janos_Slynt;Mance_Rayder;Melisandre;Stannis_Baratheon;Azor_Ahai;Val;Gilly;Dalla;Daenerys_Targaryen;Barth;Quhuru_Mo;Aemon_Steelsong;Marwyn;Alys_Karstark
Lancel_Lannister,Lancel Lannister,House_Lannister;House_Lannister_of_Darry;Warrior's_Sons,37,Cersei_Lannister;Robert_I_Baratheon;Tyrek_Lannister;Tywin_Lannister;Barristan_Selmy;Eddard_Stark;Varys;Jaime_Lannister;Robb_Stark;Joffrey_Baratheon;Tyrion_Lannister;Pycelle;Tommen_Baratheon;Balon_Swann;Gyles_Rosby;Jacelyn_Bywater;Stannis_Baratheon;Sansa_Stark;Frenken;Mace_Tyrell;Kevan_Lannister;Martyn_Lannister;Rickard_Karstark;Willem_Lannister;Walder_Frey;Margaery_Tyrell;Petyr_Baelish;Bronn;Ballabar;High_Septon_(Tyrion's);Osney_Kettleblack;Harwyn_Plumm;Amerei_Frey;High_Sparrow;Daven_Lannister;Genna_Lannister;Theodan_Wells
Hoster_Tully,Hoster Tully,House_Tully,37,Baelish_(lord);Petyr_Baelish;Lord_Tully_(father_of_Hoster);Brynden_Tully;Bethany_Redwyne;Walder_Frey;Catelyn_Stark;Lysa_Arryn;Edmure_Tully;Brandon_Stark;Rickard_Stark;Tywin_Lannister;Jaime_Lannister;Aerys_II_Targaryen;Tyrion_Lannister;Kym;Robert_I_Baratheon;Eddard_Stark;Jon_Arryn;Jon_Connington;Denys_Arryn;Annara_Farring;Arianne_Martell;Doran_Martell;Joyeuse_Erenford;Gregor_Clegane;Marq_Piper;Raymun_Darry;Joffrey_Baratheon;Robb_Stark;Vyman;Jonos_Bracken;Tytos_Blackwood;Karyl_Vance;Jason_Mallister;Lothar_Frey;Desmond_Grell
Yohn_Royce,Yohn Royce,House_Royce;Lords_Declarant,37,Rhaegar_Targaryen;Jorah_Mormont;Thoros_of_Myr;Tywin_Lannister;Tyrion_Lannister;Waymar_Royce;Catelyn_Stark;Eddard_Stark;Rodrik_Cassel;Andar_Royce;Robar_Royce;Robert_I_Baratheon;Gregor_Clegane;Petyr_Baelish;Cersei_Lannister;Joffrey_Baratheon;Pycelle;Loras_Tyrell;Renly_Baratheon;Lysa_Arryn;Kevan_Lannister;Robb_Stark;Benedar_Belmore;Gilwood_Hunter;Horton_Redfort;Symond_Templeton;Anya_Waynwood;Nestor_Royce;Marillion;Lyn_Corbray;Sansa_Stark;Robert_Arryn;Lothor_Brune;Harrold_Hardyng;Ysilla_Royce;Mychel_Redfort;Mya_Stone
Maekar_I_Targaryen,Maekar I Targaryen,,37,Daeron_II_Targaryen;Myriah_Martell;Baelor_Targaryen_(son_of_Daeron_II);Aerys_I_Targaryen;Rhaegel_Targaryen;Quentyn_Ball;Dyanna_Dayne;Daeron_Targaryen_(son_of_Maekar_I);Aerion_Targaryen;Aemon_Targaryen_(son_of_Maekar_I);Daella_Targaryen_(daughter_of_Maekar_I);Aegon_V_Targaryen;Rhae_Targaryen;Aegor_Rivers;Donnel_Arryn;Daemon_I_Blackfyre;Duncan_the_Tall;Tanselle;Lyonel_Baratheon;Steely_Pate;Valarr_Targaryen;Matarys_Targaryen;Brynden_Rivers;Eustace_Osgrey;Gormon_Peake;Mallor;Ambrose_Butterwell;Aelor_Targaryen;Aegon_I_Targaryen;Daeron_I_Targaryen;Danelle_Lothston;Eddard_Stark;Pycelle;Jon_Snow;Samwell_Tarly;Alleras;Barristan_Selmy
Bronn,Bronn,House_Lannister;City_Watch_of_King's_Landing;House_Stokeworth,36,Vardis_Egen;Chiggen;Catelyn_Stark;Rodrik_Cassel;Tyrion_Lannister;Bran_Stark;Jyck;Lysa_Arryn;Tysha;Tywin_Lannister;Shae;Alliser_Thorne;Edmure_Tully;Joffrey_Baratheon;Sansa_Stark;Timett;Boros_Blount;Stannis_Baratheon;Cersei_Lannister;Osmund_Kettleblack;Balon_Swann;Meryn_Trant;Kevan_Lannister;Alayaya;Marei;Mandon_Moore;Symon_Silver_Tongue;Podrick_Payne;Oberyn_Martell;Lollys_Stokeworth;Tanda_Stokeworth;Gregor_Clegane;Petyr_Baelish;Tyrion_Tanner;Falyse_Stokeworth;Balman_Byrch
Rogar_Baratheon,Rogar Baratheon,House_Baratheon,36,Orys_Baratheon;Aegon_I_Targaryen;Argilac_Durrandon;Argella_Durrandon;Aegon_Targaryen_(son_of_Aenys_I);Maegor_I_Targaryen;Alyssa_Velaryon;Jaehaerys_I_Targaryen;Alysanne_Targaryen;Borys_Baratheon;Daemon_Velaryon_(son_of_Aethan);Rhaena_Targaryen_(daughter_of_Aenys_I);High_Lickspittle;Androw_Farman;Aenys_I_Targaryen;Archon's_daughter_(Jaehaerys_I);Orryn_Baratheon;Coryanne_Wylde;Crey;Ryben;Gyldayn;Edwell_Celtigar;Vulture_King_(Jaehaerys_I);Aerea_Targaryen;Qarl_Corbray;Ronnal_Baratheon;Rhaella_Targaryen_(daughter_of_Aegon);Casper_Straw;Donnel_Hightower;Garon_Baratheon;Benifer;Pate_the_Woodcock;Boremund_Baratheon;Kyrie;Jocelyn_Baratheon;Simon_Dondarrion
Olenna_Redwyne,Olenna Redwyne,House_Redwyne;House_Tyrell,36,Daeron_Targaryen_(son_of_Aegon_V);Renly_Baratheon;Luthor_Tyrell;Shaera_Targaryen;Mace_Tyrell;Mina_Tyrell;Janna_Tyrell;Paxter_Redwyne;Erryk_(guard);Arryk_(guard);Petyr_Baelish;Joffrey_Baratheon;Margaery_Tyrell;Sansa_Stark;Alerie_Hightower;Butterbumps;Willas_Tyrell;Dontos_Hollard;Tywin_Lannister;Tyrion_Lannister;Cersei_Lannister;Varys;Oberyn_Martell;Ellaria_Sand;Kevan_Lannister;Robb_Stark;Catelyn_Stark;Loras_Tyrell;Tommen_Baratheon;Qyburn;Rugen;Gyles_Rosby;Garth_Tyrell;Jaime_Lannister;Maggy_the_Frog;Garlan_Tyrell
Otto_Hightower,Otto Hightower,House_Hightower;Greens,36,Alicent_Hightower;Jaehaerys_I_Targaryen;Alysanne_Targaryen;Viserys_I_Targaryen;Daemon_Targaryen;Maegor_I_Targaryen;Lord_Hightower;Rhaenyra_Targaryen;Aemma_Arryn;Aegon_II_Targaryen;Lyonel_Strong;Mellos;Larys_Strong;Tyland_Lannister;Jasper_Wylde;Criston_Cole;Orwyle;Lyman_Beesbury;Daeron_Targaryen_(son_of_Viserys_I);Aemond_Targaryen;Helaena_Targaryen;Maelor_Targaryen;Jaehaerys_Targaryen_(son_of_Aegon_II);Jaehaera_Targaryen;Gwayne_Hightower;Luthor_Largent;Dalton_Greyjoy;Steffon_Darklyn;Borros_Baratheon;Lucerys_Velaryon;Ormund_Hightower;Qoren_Martell;Eustace_(Dance_of_the_Dragons);Davos_Seaworth;Stannis_Baratheon;Pylos
Jacaerys_Velaryon,Jacaerys Velaryon,House_Velaryon;House_Targaryen;Blacks,36,Laenor_Velaryon;Rhaenyra_Targaryen;Viserys_I_Targaryen;Joffrey_Lonmouth;Corlys_Velaryon;Daeron_Targaryen_(son_of_Viserys_I);Alicent_Hightower;Lucerys_Velaryon;Joffrey_Velaryon;Eustace_(Dance_of_the_Dragons);Aegon_II_Targaryen;Aemond_Targaryen;Daemon_Targaryen;Laena_Velaryon;Baela_Targaryen;Harwin_Strong;Aegon_III_Targaryen;Viserys_II_Targaryen;Vaemond_Velaryon;Daemion_Velaryon;Daeron_Velaryon;Helaena_Targaryen;Criston_Cole;Sara_Snow;Jeyne_Arryn;Mushroom;Munkun;Cregan_Stark;Gyldayn;Rickon_Stark_(son_of_Cregan);Arryk_Cargyll;Jaehaerys_Targaryen_(son_of_Aegon_II);Erryk_Cargyll;Rhaenys_Targaryen_(daughter_of_Aemon);Addam_Velaryon;Alyn_Velaryon
Asha_Greyjoy,Asha Greyjoy,House_Greyjoy;House_Ironmaker,35,Victarion_Greyjoy;Rodrik_Greyjoy;Maron_Greyjoy;Theon_Greyjoy;Eddard_Stark;Balon_Greyjoy;Alannys_Harlaw;Tristifer_Botley;Qalen;Rodrik_Harlaw;Qarl_the_Maid;Euron_Greyjoy;Victarion_Greyjoy's_third_wife;Gorold_Goodbrother;Stygg;Aeron_Greyjoy;Sybelle_Glover;Gawen_Glover;Erena_Glover;Baelor_Blacktyde;Meldred_Merlyn;Harmund_Sharp;Erik_Ironmaker;Harras_Harlaw;Ramsay_Snow;Torgon_Greyiron;Stannis_Baratheon;Alysane_Mormont;Justin_Massey;Morgan_Liddle;Clayton_Suggs;Tycho_Nestoris;Jeyne_Poole;Bran_Stark;Rickon_Stark
Selyse_Florent,Selyse Florent,House_Florent;House_Baratheon_of_Dragonstone,35,Robert_I_Baratheon;Delena_Florent;Edric_Storm;Shireen_Baratheon;Varys;Melisandre;Stannis_Baratheon;Axell_Florent;Cressen;Patchface;Joffrey_Baratheon;Renly_Baratheon;Imry_Florent;Alester_Florent;Davos_Seaworth;Aemon_Targaryen_(son_of_Maekar_I);Salladhor_Saan;Cotter_Pyke;Tycho_Nestoris;Narbert_Grandison;Benethon_Scales;Brus_Buckler;Patrek_of_King's_Mountain;Dorden_the_Dour;Malegorn_of_Redpool;Lambert_Whitewater;Perkin_Follard;Wun_Weg_Wun_Dar_Wun;Jon_Snow;Val;Tormund;Gerrick_Kingsblood;Raymun_Redbeard;Red_Raven_(free_folk);Ramsay_Snow
Wylis_Manderly,Wylis Manderly,House_Manderly,35,Robb_Stark;Wyman_Manderly;Wendel_Manderly;Catelyn_Stark;Rodrik_Cassel;Brynden_Tully;Stevron_Frey;Walder_Frey;Roose_Bolton;Tywin_Lannister;Cleos_Frey;Tyrion_Lannister;Harrion_Karstark;Willem_Lannister;Arya_Stark;Hot_Pie;Vargo_Hoat;Edmure_Tully;Roslin_Frey;Gregor_Clegane;Cersei_Lannister;Davos_Seaworth;Pycelle;Jaime_Lannister;Rafford;Shitmouth;Ronnet_Connington;Stannis_Baratheon;Leona_Woolfield;Rhaegar_Frey;Jared_Frey;Symond_Frey;Ramsay_Snow;Jeyne_Poole;Hosteen_Frey
Vargo_Hoat,Vargo Hoat,Brave_Companions,35,Tywin_Lannister;Qyburn;Kevan_Lannister;Gregor_Clegane;Amory_Lorch;Tyrion_Lannister;Beric_Dondarrion;Lewys_Lydden;Harys_Swyft;Robb_Stark;Roose_Bolton;Robett_Glover;Aenys_Frey;Arya_Stark;Jaqen_H'ghar;Biter;Rorge;Hot_Pie;Gendry;Nymeria_(direwolf);Jaime_Lannister;Zollo;Alys_Karstark;Rickard_Karstark;Selwyn_Tarth;Steelshanks_Walton;Edmure_Tully;Roslin_Frey;Timeon;Urswyck;Joffrey_Baratheon;Rafford;Shitmouth;Wylis_Manderly;Josmyn_Peckledon
Jon_Umber_(Greatjon),Jon Umber,House_Umber,35,Robb_Stark;Halys_Hornwood;Medger_Cerwyn;Osha;Tywin_Lannister;Roose_Bolton;Catelyn_Stark;Jaime_Lannister;Theon_Greyjoy;Eddard_Stark;Stevron_Frey;Cleos_Frey;Renly_Baratheon;Mors_Umber;Hother_Umber;Bran_Stark;Rickon_Stark;Jeyne_Westerling;Rickard_Karstark;Tion_Frey;Willem_Lannister;Hoster_Tully;Edmure_Tully;Roslin_Frey;Merrett_Frey;Lothar_Frey;Whalen_Frey;Petyr_Frey;Leslyn_Haigh;Edwyn_Frey;Walder_Rivers;Tommen_Baratheon;Jon_Snow;Barbrey_Dustin;Stannis_Baratheon
Gendry,Gendry,Tobho_Mott;Brotherhood_without_banners,34,Robert_I_Baratheon;Gendry's_mother;Tobho_Mott;Varys;Jon_Arryn;Stannis_Baratheon;Eddard_Stark;Yoren;Arya_Stark;Lommy_Greenhands;Hot_Pie;Jaqen_H'ghar;Rorge;Biter;Praed;Cersei_Lannister;Amory_Lorch;Gregor_Clegane;Rafford;Dunsen;Polliver;Lucan;Roose_Bolton;Vargo_Hoat;Greenbeard;Lady_of_the_Leaves;Bella;Beric_Dondarrion;Sandor_Clegane;Beardless_Dick;Edric_Dayne;Sansa_Stark;Renly_Baratheon;Willow_Heddle
Qyburn,Qyburn,Citadel;Brave_Companions;House_Lannister,34,Ebrose;Marwyn;Tothmure;Roose_Bolton;Jaime_Lannister;Vargo_Hoat;Pia;Tywin_Lannister;Steelshanks_Walton;Brienne_Tarth;Cersei_Lannister;Shae;Tyrion_Lannister;Rugen;Garth_XII_Gardener;Gregor_Clegane;Pycelle;Oberyn_Martell;Varys;Jon_Snow;Senelle;Falyse_Stokeworth;Bronn;Lollys_Stokeworth;Loras_Tyrell;Maggy_the_Frog;Blue_Bard;Margaery_Tyrell;Kevan_Lannister;Arys_Oakheart;Tommen_Baratheon;Nymeria_Sand;Mace_Tyrell;Randyll_Tarly
Rohanne_Webber,Rohanne Webber,House_Webber;House_Staunton;House_Uffering;House_Osgrey;House_Lannister,34,Wyman_Webber;Addam_Osgrey;Eustace_Osgrey;Simon_Staunton;Rolland_Uffering;Sefton_Staunton;Helicent_Uffering;Lucas_Inchfield;Wendell_Webber;Cleyton_Caswell;Simon_Leygood;Gerold_Lannister;Tybolt_Lannister;Dake;Wolmer;Duncan_the_Tall;Aegon_V_Targaryen;Cerrick;Yandel;Tywald_Lannister;Tion_Lannister;Tytos_Lannister;Jason_Lannister_(son_of_Gerold);Tywin_Lannister;Kevan_Lannister;Genna_Lannister;Tygett_Lannister;Gerion_Lannister;Damon_Lannister_(son_of_Jason);Joanna_Lannister;Stafford_Lannister;Lynora_Hill;Ellyn_Reyne;Rohanne_Tarbeck
Brynden_Rivers,Brynden Rivers,House_Targaryen;Night's_Watch,34,Melissa_Blackwood;Aegon_IV_Targaryen;Barba_Bracken;Mya_Rivers;Gwenys_Rivers;Bethany_Bracken;Quentyn_Ball;Aegor_Rivers;Shiera_Seastar;Daemon_I_Blackfyre;Daeron_II_Targaryen;Merion;Aegon_Blackfyre;Aemon_Blackfyre;Baelor_Targaryen_(son_of_Daeron_II);Aerys_I_Targaryen;Valarr_Targaryen;Matarys_Targaryen;Otho_Bracken;Sefton_Staunton;Dagon_Greyjoy;Beron_Stark;Victarion_Greyjoy;Maynard_Plumm;Daemon_II_Blackfyre;Haegon_Blackfyre;Maekar_I_Targaryen;Aenys_Blackfyre;Aegon_V_Targaryen;Aemon_Targaryen_(son_of_Maekar_I);Duncan_the_Tall;Samwell_Tarly;Dareon;Bran_Stark
Tyland_Lannister,Tyland Lannister,House_Lannister;Greens;House_Targaryen,34,Jason_Lannister;Rhaenyra_Targaryen;Viserys_I_Targaryen;Larys_Strong;Alicent_Hightower;Aegon_II_Targaryen;Lyman_Beesbury;Aemond_Targaryen;Daemon_Targaryen;Perkin_the_Flea;Trystane_Truefyre;Corlys_Velaryon;Aegon_III_Targaryen;Marston_Waters;Julian_Wormwood;Johanna_Lannister;Bartimos_Celtigar;Racallio_Ryndoon;Orwyle;Mushroom;Eustace_(Dance_of_the_Dragons);Baela_Targaryen;Rhaena_Targaryen_(daughter_of_Daemon);Manfryd_Mooton;Roland_Westerling;Munkun;Thaddeus_Rowan;Alyn_Velaryon;Regis_Groves;Damon_Darry;Alys_Rivers;Unwin_Peake;Dalton_Greyjoy;Gyldayn
Larys_Strong,Larys Strong,House_Strong;Greens,33,Lyonel_Strong;Harwin_Strong;Viserys_I_Targaryen;Daemon_Targaryen;Corlys_Velaryon;Harren_Hoare;Aegon_II_Targaryen;Rhaenyra_Targaryen;Alicent_Hightower;Blood_(the_butcher);Jaehaerys_Targaryen_(son_of_Aegon_II);Criston_Cole;Maelor_Targaryen;Jaehaera_Targaryen;Rickard_Thorne;Lyonel_Hightower;Willis_Fell;Borros_Baratheon;Marston_Waters;Aemond_Targaryen;Helaena_Targaryen;Mushroom;Perkin_the_Flea;Trystane_Truefyre;Orwyle;Floris_Baratheon;Tyland_Lannister;Aegon_III_Targaryen;Alyn_Velaryon;Baela_Targaryen;Gyles_Belgrave;Cregan_Stark;Alysanne_Blackwood
Viserys_II_Targaryen,Viserys II Targaryen,,33,Daemon_Targaryen;Rhaenyra_Targaryen;Aegon_III_Targaryen;Viserys_I_Targaryen;Jacaerys_Velaryon;Lucerys_Velaryon;Joffrey_Velaryon;Baela_Targaryen;Rhaena_Targaryen_(daughter_of_Daemon);Visenya_Targaryen_(daughter_of_Daemon);Aegon_II_Targaryen;Sharako_Lohar;Bambarro_Bazanne;Lysandro_Rogare;Larra_Rogare;Aegon_IV_Targaryen;Alyn_Velaryon;Thaddeus_Rowan;Marston_Waters;Aemon_Targaryen_(son_of_Viserys_II);Naerys_Targaryen;Daeron_I_Targaryen;Baelor_I_Targaryen;Daena_Targaryen;Rhaena_Targaryen_(daughter_of_Aegon_III);Elaena_Targaryen;High_Septon_(stonemason);Maia_Stokeworth;Daemon_I_Blackfyre;Jaehaerys_I_Targaryen;Oberyn_Martell;Tyrion_Lannister;Kaeth
Daemon_I_Blackfyre,Daemon I Blackfyre,House_Blackfyre,33,Daena_Targaryen;Daemon_Targaryen;Aegon_IV_Targaryen;Quentyn_Ball;Aegon_I_Targaryen;Rohanne_of_Tyrosh;Daenerys_Targaryen_(daughter_of_Aegon_IV);Eustace_Osgrey;Daeron_II_Targaryen;Aegon_Blackfyre;Aemon_Blackfyre;Baelor_Targaryen_(son_of_Daeron_II);Yandel;Aegor_Rivers;Maekar_I_Targaryen;Calla_Blackfyre;Maron_Martell;Merion;Brynden_Rivers;Robb_Reyne;Gareth_the_Grey;Aubrey_Ambrose;Gormon_Peake;Byren_Flowers;Redtusk;Manfred_Lothston;Quickfinger;Donnel_Arryn;Gwayne_Corbray;Daemon_II_Blackfyre;Aenys_Blackfyre;Daemon_III_Blackfyre;Barristan_Selmy
Jared_Frey,Jared Frey,House_Frey,32,Hosteen_Frey;Danwell_Frey;Emmon_Frey;Theo_Frey;Perwyn_Frey;Martyn_Rivers;Walder_Frey;Catelyn_Stark;Robb_Stark;Tywin_Lannister;Ronel_Rivers;Arya_Stark;Aenys_Frey;Roose_Bolton;Tytos_Frey;Garse_Goodbrook;Kyra_Frey;Rhaegar_Frey;Symond_Frey;Wendel_Manderly;Wyman_Manderly;Wynafryd_Manderly;Walder_Frey_(son_of_Merrett);Wylla_Manderly;Davos_Seaworth;Stannis_Baratheon;Wylis_Manderly;Cersei_Lannister;Jeyne_Poole;Ramsay_Snow;Mance_Rayder;Rat_Cook
Ryam_Redwyne,Ryam Redwyne,House_Redwyne;Kingsguard,32,Robert_Redwyne;Rickard_Redwyne;Manfryd_Redwyne;Jaehaerys_I_Targaryen;Ronnal_Baratheon;Arthor_Oakheart;Simon_Dondarrion;Harys_Hogg;Lorence_Roxton;Lucamore_Strong;Alysanne_Targaryen;Gyles_Morrigen;Robin_Shaw;Clement_Crabb;Barth;Viserys_I_Targaryen;Criston_Cole;Duncan_the_Tall;Robb_Stark;Daeron_I_Targaryen;Jon_Snow;Bran_Stark;Sansa_Stark;Florian_the_Fool;Aemon_Targaryen_(son_of_Viserys_II);Davos_Seaworth;Stannis_Baratheon;Pylos;Loras_Tyrell;Petyr_Baelish;Serwyn_of_the_Mirror_Shield;Jaime_Lannister
